SalmGenRowID,FishTagID,BestEstimate,Prob1,2ndBestEstimate,Prob2,Comments
1500,2015-001CHNF,F,0.8514,LF,0.1459,
1501,2015-001CHNS,LF,0.5112,F,0.4886,
1502,2015-001CHNW,F,1,,0,
1503,2015-002CHNF,F,1,,0,
1504,2015-002CHNS,F,0.5992,S,0.398,
1505,2015-003CHNF,F,0.9083,,0,
1506,2015-003CHNS,F,0.9987,,0,
1507,2015-004CHNF,F,0.9175,,0,
1508,2015-004CHNS,F,0.5074,LF,0.4925,
1509,2015-005CHNF,F,0.9807,,0,
1510,2015-005CHNS,F,1,,0,
1511,2015-006CHNF,F,0.9939,,0,
1512,2015-006CHNS,F,0.9546,,0,
1513,2015-007CHNF,F,0.9996,,0,
1514,2015-007CHNS,F,1,,0,
1515,2015-008CHNF,F,0.9997,,0,
1516,2015-008CHNS,LF,0.9499,,0,
1517,2015-009CHNF,F,0.9966,,0,
1518,2015-009CHNS,F,0.5036,LF,0.4964,
1519,2015-010CHNF,F,1,,0,
1520,2015-010CHNS,F,0.9991,,0,
1521,2015-011CHNF,F,0.9998,,0,
1522,2015-011CHNS,F,0.9859,,0,
1523,2015-012CHNF,F,0.9983,,0,
1524,2015-012CHNS,F,0.9936,,0,
1525,2015-013CHNF,F,1,,0,
1526,2015-013CHNS,F,0.9927,,0,
1527,2015-014CHNF,F,1,,0,
1528,2015-015CHNF,F,0.9979,,0,
1529,2015-016CHNF,F,0.9704,,0,
1530,2015-017CHNF,F,0.9999,,0,
1531,2015-018CHNF,F,0.9996,,0,
1532,2015-019CHNF,F,0.9942,,0,
1533,2015-020CHNF,F,1,,0,
1534,2015-021CHNF,F,1,,0,
1535,2015-022CHNF,LF,0.5306,F,0.4691,
1536,2015-023CHNF,F,0.9997,,0,
1537,2015-024CHNF,F,0.9996,,0,
1490,2016ACHN013,F,0.5765,LF,0.4235,
1491,2016ACHN014,F,0.9508,S,0.0487,
1492,2016ACHN023,F,0.965,LF,0.035,
1489,2016ACHN024,F,1,,0,
1493,2016ACHN025,F,0.9368,S,0.0632,
1494,2016ACHN026,F,0.9987,,0,
1495,2016ACHN027,F,0.9995,,0,
1496,2016ACHN030,F,0.6026,LF,0.3974,
1497,2016ACHN031,F,0.9998,,0,
1498,2016ACHN036,F,0.9778,S,0.0222,
1499,2016ACHN062,F,0.9952,,0,
1538,2016Ad_plus-F_001,F,0.9088,,0,
1539,2016Ad_plus-F_002,F,0.8966,LF,0.1034,
1540,2016Ad_plus-F_003,F,0.9808,,0,
1541,2016Ad_plus-F_004,F,1,,0,
1542,2016Ad_plus-F_005,F,0.9898,,0,
1543,2016Ad_plus-F_006,F,1,,0,
1544,2016Ad_plus-F_013,F,1,,0,
1545,2016Ad_plus-F_014,F,0.9549,,0,
1546,2016Ad_plus-F_015,F,0.9969,,0,
1547,2016Ad_plus-F_016,F,0.9968,,0,
1548,2016Ad_plus-F_017,F,0.999,,0,
1549,2016Ad_plus-F_018,F,0.9956,,0,
1550,2016Ad_plus-F_019,F,0.9863,,0,
1551,2016Ad_plus-F_020,F,1,,0,
1552,2016Ad_plus-F_021,F,0.9981,,0,
1553,2016Ad_plus-F_037,F,0.9733,,0,
1554,2016Ad_plus-F_038,F,0.9392,,0,
1555,2016Ad_plus-F_039,F,0.9999,,0,
1556,2016Ad_plus-F_040,F,0.9973,,0,
1557,2016Ad_plus-F_041,F,0.9998,,0,
1558,2016Ad_plus-F_042,F,0.9941,,0,
1559,2016Ad_plus-F_043,F,0.9387,,0,
1560,2016Ad_plus-F_044,F,0.9962,,0,
1561,2016Ad_plus-F_045,F,0.9972,,0,
1562,2016Ad_plus-F_046,F,0.9996,,0,
1563,2016Ad_plus-F_047,F,0.9831,,0,
1564,2016Ad_plus-F_048,F,0.9915,,0,
1565,2016Ad_plus-F_049,F,0.8198,LF,0.1802,
1566,2016Ad_plus-F_050,F,0.816,LF,0.1832,
1567,2016Ad_plus-F_051,F,0.9667,,0,
1568,2016Ad_plus-F_052,F,0.9941,,0,
1569,2016Ad_plus-F_053,F,0.9995,,0,
1570,2016Ad_plus-F_054,F,0.9527,,0,
1571,2016Ad_plus-F_055,F,0.9951,,0,
1572,2016Ad_plus-F_056,F,0.9114,,0,
1573,2016Ad_plus-F_057,F,0.996,,0,
1574,2016Ad_plus-F_058,F,0.9993,,0,
1575,2016Ad_plus-F_059,F,0.98,,0,
1576,2016Ad_plus-F_060,F,0.9992,,0,
1577,2016Ad_plus-F_061,F,0.9845,,0,
1578,2016Ad_plus-F_062,F,0.9743,,0,
1579,2016Ad_plus-F_063,F,0.8077,LF,0.1923,
1580,2016Ad_plus-F_064,F,0.9188,,0,
1581,2016Ad_plus-F_065,F,0.9964,,0,
1582,2016Ad_plus-F_066,F,0.9955,,0,
1583,2016Ad_plus-F_067,F,0.9551,,0,
1584,2016Ad_plus-F_068,F,1,,0,
1585,2016Ad_plus-F_069,F,0.9993,,0,
1586,2016Ad_plus-F_070,F,0.9504,,0,
1587,2016Ad_plus-F_071,F,1,,0,
1588,2016Ad_plus-F_072,F,1,,0,
1589,2016Ad_plus-F_073,F,0.9902,,0,
1590,2016Ad_plus-F_074,F,0.677,LF,0.2966,
1591,2016Ad_plus-F_075,F,0.8381,LF,0.1618,
1592,2016Ad_plus-F_076,F,0.9777,,0,
1593,2016Ad_plus-F_077,S,0.9665,,0,
1594,2016Ad_plus-F_078,F,0.9966,,0,
1595,2016Ad_plus-F_079,F,0.9921,,0,
1596,2016Ad_plus-F_080,F,1,,0,
1597,2016Ad_plus-F_081,F,0.9966,,0,
1598,2016Ad_plus-F_082,F,0.971,,0,
1599,2016Ad_plus-F_083,F,0.9838,,0,
1600,2016Ad_plus-F_084,F,0.9932,,0,
1601,2016Ad_plus-F_085,F,0.5382,LF,0.4618,
1602,2016Ad_plus-F_086,F,0.8992,LF,0.0991,
1603,2016Ad_plus-F_087,F,1,,0,
1604,2016Ad_plus-F_088,F,0.9571,,0,
1605,2016Ad_plus-F_089,F,0.9997,,0,
1606,2016Ad_plus-F_090,F,0.9972,,0,
1607,2016Ad_plus-F_091,F,0.9999,,0,
1608,2016Ad_plus-F_092,F,0.9999,,0,
1609,2016Ad_plus-F_093,F,1,,0,
1610,2016Ad_plus-F_094,F,0.9995,,0,
1611,2016Ad_plus-F_095,F,0.9999,,0,
1612,2016Ad_plus-F_096,F,0.9999,,0,
1613,2016Ad_plus-F_097,F,0.9368,,0,
1614,2016Ad_plus-F_098,F,1,,0,
1615,2016Ad_plus-F_099,F,0.9385,,0,
1616,2016Ad_plus-F_100,F,0.9999,,0,
1617,2016Ad_plus-F_101,F,0.9925,,0,
1618,2016Ad_plus-F_102,F,1,,0,
1619,2016Ad_plus-F_103,F,0.9999,,0,
1620,2016Ad_plus-F_104,F,1,,0,
1621,2016Ad_plus-F_105,F,0.9993,,0,
1622,2016Ad_plus-F_106,F,0.9977,,0,
1623,2016Ad_plus-F_107,F,0.8812,LF,0.1188,
1624,2016Ad_plus-F_108,LF,0.9039,,0,
1625,2016Ad_plus-F_109,F,0.9987,,0,
1626,2016Ad_plus-F_110,F,1,,0,
1627,2016Ad_plus-F_111,F,0.9885,,0,
1628,2016Ad_plus-F_112,F,0.9999,,0,
1629,2016Ad_plus-F_113,F,0.9999,,0,
1630,2016Ad_plus-F_114,F,0.8229,LF,0.177,
1631,2016Ad_plus-F_115,F,0.7808,LF,0.2192,
1632,2016Ad_plus-F_116,F,0.7334,S,0.2585,
1633,2016Ad_plus-F_117,F,0.9863,,0,
1634,2016Ad_plus-F_118,F,0.9992,,0,
1635,2016Ad_plus-F_119,F,0.8869,LF,0.1131,
1636,2016Ad_plus-F_120,F,0.9999,,0,
1637,2016Ad_plus-F_121,F,0.9818,,0,
1638,2016Ad_plus-F_122,F,0.9992,,0,
1639,2016Ad_plus-F_123,F,0.9986,,0,
1640,2016Ad_plus-F_124,F,0.9374,,0,
1641,2016Ad_plus-F_125,F,0.9987,,0,
1642,2016Ad_plus-F_126,F,0.9861,,0,
1643,2016Ad_plus-F_127,F,0.9959,,0,
1644,2016Ad_plus-F_128,F,0.9998,,0,
1645,2016Ad_plus-F_129,F,0.997,,0,
1646,2016Ad_plus-F_130,F,0.9999,,0,
1647,2016Ad_plus-F_131,F,0.9999,,0,
1648,2016Ad_plus-F_132,F,0.9304,,0,
1649,2016Ad_plus-F_133,F,1,,0,
1650,2016Ad_plus-F_134,LF,0.9631,,0,
1651,2016Ad_plus-F_135,F,0.9992,,0,
1652,2016Ad_plus-F_136,F,0.9594,,0,
1653,2016Ad_plus-F_137,F,0.9967,,0,
1654,2016Ad_plus-F_138,F,0.9995,,0,
1655,2016Ad_plus-F_139,F,0.9982,,0,
1656,2016Ad_plus-F_140,F,1,,0,
1657,2016Ad_plus-F_143,F,0.9995,,0,
1658,2016Ad_plus-F_144,F,0.9906,,0,
1659,2016Ad_plus-F_145,F,1,,0,
1660,2016Ad_plus-F_146,F,0.9991,,0,
1661,2016Ad_plus-F_147,F,0.9999,,0,
1662,2016Ad_plus-F_148,F,0.9767,,0,
1663,2016Ad_plus-F_149,F,0.9481,,0,
1664,2016Ad_plus-F_150,F,1,,0,
1665,2016Ad_plus-F_151,F,0.9603,,0,
1666,2016Ad_plus-F_152,F,0.998,,0,
1667,2016Ad_plus-F_153,F,0.8278,LF,0.1722,
1668,2016Ad_plus-F_154,F,0.7176,LF,0.2824,
1669,2016Ad_plus-F_155,F,0.8745,LF,0.1255,
1670,2016Ad_plus-F_156,F,0.9974,,0,
1671,2016Ad_plus-F_157,F,0.942,,0,
1672,2016Ad_plus-F_161,F,0.9966,,0,
1673,2016Ad_plus-F_162,LF,0.9992,,0,
1674,2016Ad_plus-F_163,S,0.8218,F,0.1283,
1675,2016Ad_plus-F_164,F,0.9441,,0,
1676,2016Ad_plus-F_165,F,0.9916,,0,
1677,2016Ad_plus-F_166,F,0.9925,,0,
1678,2016Ad_plus-F_167,F,0.9939,,0,
1679,2016Ad_plus-F_173,F,0.7516,S,0.2478,
1680,2016Ad_plus-F_174,F,0.9999,,0,
1681,2016Ad_plus-F_175,F,0.9997,,0,
1682,2016Ad_plus-F_176,F,0.9987,,0,
1683,2016Ad_plus-F_177,F,0.9272,,0,
1684,2016Ad_plus-F_178,F,0.8404,LF,0.101,
1685,2016Ad_plus-F_179,F,0.9999,,0,
1686,2016Ad_plus-F_180,LF,0.5878,F,0.4122,
1687,2016Ad_plus-F_181,F,1,,0,
1688,2016Ad_plus-F_182,F,1,,0,
1689,2016Ad_plus-F_183,F,0.9737,,0,
1690,2016Ad_plus-F_184,F,0.8857,LF,0.1142,
1691,2016Ad_plus-F_185,F,0.8833,LF,0.1167,
1692,2016Ad_plus-F_186,F,0.539,LF,0.461,
1693,2016Ad_plus-F_187,F,0.9944,,0,
1694,2016Ad_plus-F_188,F,0.9932,,0,
1695,2016Ad_plus-F_189,F,0.995,,0,
1696,2016Ad_plus-F_190,F,0.8446,LF,0.1554,
1697,2016Ad_plus-F_191,F,0.8711,LF,0.1289,
1698,2016Ad_plus-F_192,LF,0.9493,,0,
1699,2016Ad_plus-F_193,F,0.996,,0,
1700,2016Ad_plus-F_194,F,0.9287,,0,
1701,2016Ad_plus-F_195,F,0.9997,,0,
1702,2016Ad_plus-F_196,F,1,,0,
1703,2016Ad_plus-F_197,F,0.9654,,0,
1704,2016Ad_plus-F_198,F,0.9809,,0,
1705,2016Ad_plus-F_199,F,0.9905,,0,
1706,2016Ad_plus-F_200,F,1,,0,
1707,2016Ad_plus-F_201,F,0.9948,,0,
1708,2016Ad_plus-F_202,F,0.9994,,0,
1709,2016Ad_plus-F_203,F,1,,0,
1710,2016Ad_plus-F_204,F,0.9918,,0,
1711,2016Ad_plus-F_205,F,0.7699,LF,0.2301,
1712,2016Ad_plus-F_206,F,1,,0,
1713,2016Ad_plus-F_207,F,0.9885,,0,
1714,2016Ad_plus-F_208,F,0.9958,,0,
1715,2016Ad_plus-F_209,LF,0.9668,,0,
1716,2016Ad_plus-F_210,F,0.9897,,0,
1717,2016Ad_plus-F_211,F,0.8077,LF,0.1906,
1718,2016Ad_plus-F_212,LF,0.9997,,0,
1719,2016Ad_plus-F_213,F,0.9935,,0,
1720,2016Ad_plus-F_214,F,0.9929,,0,
1721,2016Ad_plus-F_215,F,1,,0,
1722,2016Ad_plus-F_216,F,0.9979,,0,
1723,2016Ad_plus-F_217,F,0.991,,0,
1724,2016Ad_plus-F_218,LF,0.5588,F,0.4412,
1725,2016Ad_plus-F_219,F,0.9859,,0,
1726,2016Ad_plus-F_220,F,0.9725,,0,
1727,2016Ad_plus-F_221,F,0.9831,,0,
1728,2016Ad_plus-F_222,LF,0.8115,F,0.1885,
1729,2016Ad_plus-F_223,F,0.9998,,0,
1730,2016Ad_plus-F_224,F,0.9997,,0,
1731,2016Ad_plus-F_225,F,0.9993,,0,
1732,2016Ad_plus-F_226,F,0.9993,,0,
1733,2016Ad_plus-F_227,F,0.9999,,0,
1734,2016Ad_plus-F_228,F,0.9658,,0,
1735,2016Ad_plus-F_229,F,0.9935,,0,
1736,2016Ad_plus-F_230,F,0.9962,,0,
1737,2016Ad_plus-F_231,F,0.9986,,0,
1738,2016Ad_plus-F_232,F,0.9964,,0,
1739,2016Ad_plus-F_233,F,0.996,,0,
1740,2016Ad_plus-F_234,LF,0.7125,F,0.2875,
1741,2016Ad_plus-F_235,F,0.9965,,0,
1742,2016Ad_plus-F_236,F,0.9925,,0,
1743,2016Ad_plus-F_237,LF,0.5887,F,0.4112,
1744,2016Ad_plus-F_238,F,0.9981,,0,
1745,2016Ad_plus-F_239,F,0.9775,,0,
2279,2016Ad_plus-F_240,S,0.921044,F,0.07185,
1746,2016Ad_plus-S_002,F,0.9999,,0,
1747,2016Ad_plus-S_003,F,0.9589,,0,
1748,2016Ad_plus-S_004,F,0.9995,,0,
1749,2016Ad_plus-S_005,F,0.9931,,0,
1750,2016Ad_plus-S_006,F,0.6552,LF,0.3448,
1751,2016Ad_plus-S_008,F,0.9787,,0,
1752,2016Ad_plus-S_009,F,0.9999,,0,
1753,2016Ad_plus-W_001,S,0.9489,,0,
1291,2017ACHN015,F,1,,0,
1292,2017ACHN020,F,0.9951,,0,
1293,2017ACHN021,F,0.9992,,0,
1294,2017ACHN022,F,0.9249,,0,
1295,2017ACHN026,F,1,,0,
1296,2017ACHN027,F,1,,0,
1297,2017ACHN028,LF,0.5619,F,0.4381,
1755,2017ACHN030,F,1,,0,
1756,2017ACHN031,F,0.9996,,0,
1757,2017ACHN032,LF,0.524,F,0.476,
1299,2017ACHN033,F,0.9908,,0,
1300,2017ACHN034,F,0.9148,LF,0.0836,
1301,2017ACHN035,F,0.9969,,0,
1302,2017ACHN036,F,0.9241,LF,0.0759,
1303,2017ACHN037,F,0.998,,0,
1304,2017ACHN038,F,0.9999,,0,
1305,2017ACHN039,F,0.5909,LF,0.4091,
1306,2017ACHN044,F,0.7396,,0.2603,
1316,2017ACHN046,F,0.9941,,0,
1317,2017ACHN047,F,0.9974,,0,
1318,2017ACHN049,F,0.997,,0,
1319,2017ACHN050,LF,0.8271,F,0.1729,
1320,2017ACHN051,F,0.7696,LF,0.2304,
1321,2017ACHN052,F,1,,0,
1322,2017ACHN057,F,0.9961,,0,
1323,2017ACHN058,F,0.9999,,0,
1324,2017ACHN059,F,0.8688,LF,0.1311,
1325,2017ACHN060,F,0.9904,,0,
1326,2017ACHN061,F,0.7834,LF,0.2166,
1758,2017ACHN062,F,0.9583,LF,0.0387,
1759,2017ACHN063,F,0.9964,,0,
1327,2017ACHN064,F,0.9699,LF,0.0301,
1328,2017ACHN065,F,1,,0,
1329,2017ACHN066,F,0.9866,LF,0.0134,
1330,2017ACHN067,F,0.9097,LF,0.0903,
1331,2017ACHN068,F,0.9071,LF,0.0929,
1332,2017ACHN069,LF,0.9954,,0,
1333,2017ACHN074,F,0.9995,,0,
1334,2017ACHN075,F,0.9998,,0,
1335,2017ACHN076,F,0.8357,LF,0.1643,
1336,2017ACHN077,F,0.9843,LF,0.0157,
1337,2017ACHN081,F,0.9834,LF,0.0131,
1338,2017ACHN082,F,1,,0,
1339,2017ACHN083,LF,0.9937,,0,
1340,2017ACHN084,F,1,,0,
1341,2017ACHN085,F,0.9989,,0,
1342,2017ACHN086,F,0.988,LF,0.012,
1343,2017ACHN087,F,0.8849,LF,0.1151,
1344,2017ACHN088,F,0.9999,,0,
1345,2017ACHN089,F,0.9943,,0,
1346,2017ACHN090,F,0.9993,,0,
1347,2017ACHN091,F,0.915,LF,0.085,
1313,2017ACHN092,F,0.9958,,0,
1314,2017ACHN093,F,0.9999,,0,
1315,2017ACHN094,,0.8386,LF,0.1614,
1307,2017ACHN095,F,0.9998,,0,
1308,2017ACHN096,F,0.9983,,0,
1309,2017ACHN097,F,0.9942,,0,
1310,2017ACHN098,F,0.9998,,0,
1311,2017ACHN099,F,1,,0,
1312,2017ACHN100,F,0.9728,LF,0.0272,
1092,2017Ad_min-S_008,F,0.996,,0,"In Genetics & Dissection log, fish labeled as ""2017Ad_plus-S_179"""
327,2017Ad_minus-F_002,F,0.5638,LF,0.4362,
328,2017Ad_minus-F_014,F,0.9869,LF,0.0131,
186,2017Ad_minus-W_002,W,1,,0,
1093,2017Ad_plus-F_001,F,0.7367,LF,0.2633,
1094,2017Ad_plus-F_002,F,0.95,LF,0.05,
1217,2017Ad_plus-F_003,S,0.9757,F,0.0243,
1095,2017Ad_plus-F_004,F,0.9999,,0,
1096,2017Ad_plus-F_005,F,0.7713,LF,0.2286,
1097,2017Ad_plus-F_006,F,0.9985,,,
1098,2017Ad_plus-F_007,F,0.9984,,,
1099,2017Ad_plus-F_008,F,0.9387,S,0.0607,
1100,2017Ad_plus-F_009,F,0.8876,LF,0.1123,
1101,2017Ad_plus-F_010,F,0.9132,LF,0.0866,
1102,2017Ad_plus-F_011,F,0.6455,S,0.3545,
1103,2017Ad_plus-F_012,F,0.7873,LF,0.2127,
1104,2017Ad_plus-F_013,F,0.7796,S,0.2167,
1105,2017Ad_plus-F_014,F,0.7842,S,0.213,
1106,2017Ad_plus-F_015,F,0.9546,LF,0.0451,
1107,2017Ad_plus-F_016,F,0.9982,,,
1108,2017Ad_plus-F_017,F,0.9981,,,
1109,2017Ad_plus-F_018,F,0.9965,,,
1110,2017Ad_plus-F_019,F,0.939,LF,0.061,
1111,2017Ad_plus-F_020,F,0.993,,,
1112,2017Ad_plus-F_021,F,0.781,LF,0.2135,
1204,2017Ad_plus-F_022,LF,0.8538,F,0.1462,
1113,2017Ad_plus-F_023,F,0.9913,,0,
1114,2017Ad_plus-F_024,F,0.9999,,0,
1115,2017Ad_plus-F_025,F,0.9996,,0,
1116,2017Ad_plus-F_026,F,0.9997,,0,
1117,2017Ad_plus-F_027,,,,0,
1118,2017Ad_plus-F_028,F,0.5499,LF,0.45,
1119,2017Ad_plus-F_029,F,0.9205,LF,0.0565,3rd: S. Prob: 0.0231
1120,2017Ad_plus-F_030,F,0.9973,,0,
1121,2017Ad_plus-F_031,F,0.9992,,0,
873,2017Ad_plus-F_032,F,0.9889,LF,0.0072,
874,2017Ad_plus-F_033,F,0.942,LF,0.058,
875,2017Ad_plus-F_034,F,0.9995,,0,
251,2017Ad_plus-F_035,F,0.9999,,0,
876,2017Ad_plus-F_036,F,0.6655,S,0.3196,3rd: LF. Prob: .0149
290,2017Ad_plus-F_037,F,0.9998,,0,
877,2017Ad_plus-F_038,LF,0.6621,F,0.3379,
878,2017Ad_plus-F_039,F,0.9986,,0,
879,2017Ad_plus-F_040,F,0.944,S,0.056,
880,2017Ad_plus-F_041,F,0.9456,LF,0.0544,
881,2017Ad_plus-F_042,LF,0.8953,F,0.1047,
882,2017Ad_plus-F_043,F,0.9992,,0,
883,2017Ad_plus-F_044,S,0.8619,F,0.1378,
884,2017Ad_plus-F_045,F,0.9866,S,0.0133,
252,2017Ad_plus-F_046,F,0.9999,,0,
885,2017Ad_plus-F_047,F,0.784,LF,0.216,
187,2017Ad_plus-F_048,F,0.9991,,0,
322,2017Ad_plus-F_049,F,0.9997,,0,
886,2017Ad_plus-F_050,F,1,,0,
887,2017Ad_plus-F_051,F,0.9741,LF,0.0259,
323,2017Ad_plus-F_052,F,0.9997,,0,
188,2017Ad_plus-F_053,F,1,,0,
253,2017Ad_plus-F_054,F,0.9999,,0,
888,2017Ad_plus-F_055,F,0.9803,LF,0.0183,
189,2017Ad_plus-F_056,F,1,,0,
889,2017Ad_plus-F_057,S,0.5477,F,0.4519,
324,2017Ad_plus-F_058,F,0.9997,,0,
890,2017Ad_plus-F_059,F,0.9934,,0,
891,2017Ad_plus-F_060,F,0.9996,,0,
892,2017Ad_plus-F_061,F,0.9654,S,0.0333,
893,2017Ad_plus-F_062,F,0.9936,,0,
894,2017Ad_plus-F_063,F,0.9936,,0,
895,2017Ad_plus-F_064,S,0.4365,F,0.4243,3rd: LF. Prob: .1393
896,2017Ad_plus-F_065,F,0.8581,LF,0.1407,
897,2017Ad_plus-F_066,F,0.663,LF,0.337,
898,2017Ad_plus-F_067,S,0.9125,LF,0.0661,3rd: F. Prob: .0214
1088,2017Ad_plus-F_068,F,0.9826,LF,0.0166,
1089,2017Ad_plus-F_069,F,0.9973,,0,
1090,2017Ad_plus-F_070,F,0.9988,,0,
1091,2017Ad_plus-F_071,F,0.9213,LF,0.0787,
899,2017Ad_plus-F_072,F,0.999,,0,
900,2017Ad_plus-F_073,F,0.9987,,0,
907,2017Ad_plus-F_074,F,0.9757,LF,0.0243,
906,2017Ad_plus-F_075,F,0.9971,,,
905,2017Ad_plus-F_076,F,0.9972,,,
904,2017Ad_plus-F_077,F,0.9824,LF,0.0176,
903,2017Ad_plus-F_078,F,0.923,S,0.0508,
902,2017Ad_plus-F_079,,0,,0,
901,2017Ad_plus-F_080,F,0.9983,,0,
291,2017Ad_plus-F_081,F,0.9997,,0,
292,2017Ad_plus-F_082,F,0.9997,,0,
329,2017Ad_plus-F_083,F,0.9987,,0,
330,2017Ad_plus-F_084,F,0.6922,LF,0.3078,
331,2017Ad_plus-F_085,F,0.9935,,0,
332,2017Ad_plus-F_086,F,0.9846,LF,0.0154,
2,2017Ad_plus-F_087,S,1,,0,
1205,2017Ad_plus-F_088,LF,0.917,F,0.083,
1122,2017Ad_plus-F_089,F,0.9996,,0,
333,2017Ad_plus-F_090,F,0.9971,,0,
254,2017Ad_plus-F_091,F,0.9998,,0,
334,2017Ad_plus-F_092,F,0.9963,,0,
335,2017Ad_plus-F_093,F,0.5752,LF,0.4248,
336,2017Ad_plus-F_094,F,0.998,,0,
337,2017Ad_plus-F_095,F,0.9545,LF,0.0455,
338,2017Ad_plus-F_096,LF,0.9931,,0,
339,2017Ad_plus-F_097,F,0.9855,S,0.0137,
190,2017Ad_plus-F_098,F,0.9999,,0,
340,2017Ad_plus-F_099,F,0.9666,LF,0.0332,
1206,2017Ad_plus-F_100,LF,0.6925,F,0.3075,
341,2017Ad_plus-F_101,F,0.8092,LF,0.1907,
342,2017Ad_plus-F_102,F,0.9995,,0,
191,2017Ad_plus-F_103,F,0.9999,,0,
343,2017Ad_plus-F_104,F,0.9435,LF,0.0563,
344,2017Ad_plus-F_105,F,0.9953,,0,
345,2017Ad_plus-F_106,F,0.9729,LF,0.0204,
346,2017Ad_plus-F_107,F,0.9949,,0,
347,2017Ad_plus-F_108,F,0.9992,,0,
348,2017Ad_plus-F_109,F,0.9655,LF,0.0345,
349,2017Ad_plus-F_110,F,0.9878,LF,0.0087,
1207,2017Ad_plus-F_1105,LF,0.7506,F,0.2494,
1208,2017Ad_plus-F_1106,LF,0.9812,F,0.0187,
1123,2017Ad_plus-F_1107,F,0.975,LF,0.025,
1077,2017Ad_plus-F_1108,F,0.9993,,0,
192,2017Ad_plus-F_1109,F,0.9999,,0,
350,2017Ad_plus-F_111,F,0.964,LF,0.0359,
293,2017Ad_plus-F_1110,F,0.9997,,0,
1124,2017Ad_plus-F_1111,F,1,,0,
351,2017Ad_plus-F_1112,LF,0.5364,F,0.4636,
352,2017Ad_plus-F_1113,F,0.9983,,0,
353,2017Ad_plus-F_1114,F,0.9893,LF,0.0105,
255,2017Ad_plus-F_1115,F,0.9998,,0,
1125,2017Ad_plus-F_1116,F,0.9993,,0,
3,2017Ad_plus-F_1117,F,1,,0,
294,2017Ad_plus-F_1118,F,0.9997,,0,
4,2017Ad_plus-F_1119,F,1,,0,
256,2017Ad_plus-F_112,F,0.9998,,0,
5,2017Ad_plus-F_1120,F,1,,0,
354,2017Ad_plus-F_1121,F,0.9994,,0,
355,2017Ad_plus-F_1122,F,0.9729,LF,0.0271,
356,2017Ad_plus-F_1123,F,0.9552,LF,0.0447,
357,2017Ad_plus-F_1124,F,0.9994,,0,
358,2017Ad_plus-F_1125,F,0.9112,LF,0.0888,
295,2017Ad_plus-F_1126,F,0.9997,,0,
193,2017Ad_plus-F_1127,F,0.9999,,0,
359,2017Ad_plus-F_1128,F,0.9974,,0,
360,2017Ad_plus-F_1129,F,0.9938,,0,
361,2017Ad_plus-F_113,F,0.956,LF,0.044,
362,2017Ad_plus-F_1130,F,0.9814,LF,0.0186,
257,2017Ad_plus-F_1131,F,0.9998,,0,
363,2017Ad_plus-F_1132,S,0.9058,F,0.0936,
1,2017Ad_plus-F_1133,F,1,,0,
364,2017Ad_plus-F_1134,F,0.9928,,0,
365,2017Ad_plus-F_1135,F,0.9988,,0,
366,2017Ad_plus-F_1136,F,0.9992,,0,
1126,2017Ad_plus-F_1137,F,0.9979,,0,
367,2017Ad_plus-F_114,F,0.9991,,0,
368,2017Ad_plus-F_115,F,0.9993,,0,
369,2017Ad_plus-F_116,F,0.9995,,0,
6,2017Ad_plus-F_117,F,1,,0,
7,2017Ad_plus-F_118,F,1,,0,
370,2017Ad_plus-F_119,F,0.999,,0,
371,2017Ad_plus-F_1199,LF,0.9929,,0,
325,2017Ad_plus-F_120,F,0.9996,,0,
1127,2017Ad_plus-F_1200,F,0.9983,,0,
372,2017Ad_plus-F_1201,F,0.9954,,0,
8,2017Ad_plus-F_1202,F,1,,0,
373,2017Ad_plus-F_1203,F,0.9992,,0,
326,2017Ad_plus-F_1204,F,0.9996,,0,
374,2017Ad_plus-F_1205,F,0.9807,S,0.0192,
375,2017Ad_plus-F_1206,F,0.999,,0,
376,2017Ad_plus-F_1207,F,0.9979,,0,
9,2017Ad_plus-F_1208,F,1,,0,
377,2017Ad_plus-F_1209,F,0.9825,LF,0.0151,
194,2017Ad_plus-F_121,F,0.9999,,0,
378,2017Ad_plus-F_1210,F,0.9857,LF,0.014,
258,2017Ad_plus-F_1211,F,0.9998,,0,
10,2017Ad_plus-F_1212,F,1,,0,
296,2017Ad_plus-F_1213,F,0.9997,,0,
1128,2017Ad_plus-F_1214,F,0.9586,S,0.0304,3rd: LF. Prob: .011
1129,2017Ad_plus-F_1215,F,1,,0,
379,2017Ad_plus-F_122,LF,0.675,F,0.3057,"3rd best: Spring, Prob: .0193"
380,2017Ad_plus-F_1220,F,0.8514,LF,0.1431,
297,2017Ad_plus-F_1221,F,0.9997,,0,
381,2017Ad_plus-F_1222,F,0.9996,,0,
382,2017Ad_plus-F_1223,F,0.9974,,0,
383,2017Ad_plus-F_1224,F,0.9994,,0,
384,2017Ad_plus-F_1225,F,0.9984,,0,
195,2017Ad_plus-F_1226,F,0.9999,,0,
385,2017Ad_plus-F_1227,F,0.9899,LF,0.0101,
386,2017Ad_plus-F_1228,LF,0.5671,F,0.4313,
387,2017Ad_plus-F_1229,F,0.8371,LF,0.1627,
388,2017Ad_plus-F_123,F,0.9623,LF,0.0377,
11,2017Ad_plus-F_1230,F,1,,0,
389,2017Ad_plus-F_1231,F,0.7704,LF,0.2296,
390,2017Ad_plus-F_1232,F,0.9832,LF,0.0168,
196,2017Ad_plus-F_1233,F,0.9999,,0,
12,2017Ad_plus-F_1234,F,1,,0,
391,2017Ad_plus-F_1235,F,0.9982,,0,
13,2017Ad_plus-F_1236,F,1,,0,
392,2017Ad_plus-F_1237,F,0.9963,,0,
14,2017Ad_plus-F_1238,F,1,,0,
393,2017Ad_plus-F_1239,F,0.7249,LF,0.2751,
197,2017Ad_plus-F_124,F,0.9999,,0,
394,2017Ad_plus-F_1240,LF,0.9778,F,0.0222,
395,2017Ad_plus-F_1241,F,0.9645,LF,0.0354,
396,2017Ad_plus-F_1242,F,0.9996,,0,
15,2017Ad_plus-F_1243,F,1,,0,
16,2017Ad_plus-F_1244,F,1,,0,
397,2017Ad_plus-F_1245,F,0.9381,LF,0.0617,
398,2017Ad_plus-F_1246,F,0.9992,,0,
399,2017Ad_plus-F_1247,F,0.9964,,0,
259,2017Ad_plus-F_1248,F,0.9998,,0,
400,2017Ad_plus-F_1249,F,0.9961,,0,
401,2017Ad_plus-F_125,F,0.9262,S,0.0738,
402,2017Ad_plus-F_1250,F,0.9987,,0,
198,2017Ad_plus-F_1251,F,0.9999,,0,
17,2017Ad_plus-F_1252,F,1,,0,
298,2017Ad_plus-F_1253,F,0.9997,,0,
18,2017Ad_plus-F_1254,F,1,,0,
1130,2017Ad_plus-F_1255,F,0.9909,,0,
403,2017Ad_plus-F_1256,F,0.9012,LF,0.0988,
404,2017Ad_plus-F_1257,F,0.9326,LF,0.0674,
260,2017Ad_plus-F_1258,F,0.9998,,0,
19,2017Ad_plus-F_1259,F,1,,0,
405,2017Ad_plus-F_126,F,0.9981,,0,
406,2017Ad_plus-F_1260,F,0.9128,LF,0.0872,
199,2017Ad_plus-F_1261,F,0.9999,,0,
407,2017Ad_plus-F_1262,F,0.9537,LF,0.046,
408,2017Ad_plus-F_1263,F,0.9992,,0,
409,2017Ad_plus-F_1264,F,0.9933,,0,
410,2017Ad_plus-F_1265,F,0.9974,,0,
411,2017Ad_plus-F_1266,F,0.9968,,0,
412,2017Ad_plus-F_1267,F,0.9988,,0,
200,2017Ad_plus-F_1268,F,0.9999,,0,
413,2017Ad_plus-F_1269,F,0.9941,,0,
414,2017Ad_plus-F_127,F,0.9483,S,0.0277,3rd: LF. Prob: .024
415,2017Ad_plus-F_1277,F,0.8784,LF,0.1216,
201,2017Ad_plus-F_1278,F,0.9999,,0,
20,2017Ad_plus-F_1279,F,1,,0,
1131,2017Ad_plus-F_128,F,0.9932,,0,
416,2017Ad_plus-F_1280,F,0.9953,,0,
417,2017Ad_plus-F_1281,F,0.9968,,0,
418,2017Ad_plus-F_1282,F,0.9374,LF,0.0626,
202,2017Ad_plus-F_1283,F,0.9999,,0,
419,2017Ad_plus-F_1284,F,0.9972,,0,
203,2017Ad_plus-F_1285,F,0.9999,,0,
1132,2017Ad_plus-F_1286,F,0.9769,LF,0.0231,
204,2017Ad_plus-F_1287,F,0.9999,,0,
420,2017Ad_plus-F_1288,F,0.5798,LF,0.4202,
421,2017Ad_plus-F_1289,F,0.9885,LF,0.0075,
422,2017Ad_plus-F_129,F,0.9929,,0,
423,2017Ad_plus-F_1290,F,0.9996,,0,
205,2017Ad_plus-F_1291,F,0.9999,,0,
21,2017Ad_plus-F_1292,F,1,,0,
424,2017Ad_plus-F_1293,F,0.9636,LF,0.0364,
206,2017Ad_plus-F_1294,F,0.9999,,0,
425,2017Ad_plus-F_1295,F,0.7833,LF,0.2167,
426,2017Ad_plus-F_1296,F,0.9707,LF,0.0293,
427,2017Ad_plus-F_1297,F,0.8081,LF,0.1918,
1133,2017Ad_plus-F_1298,F,0.9998,,0,
428,2017Ad_plus-F_1299,F,0.9961,,0,
207,2017Ad_plus-F_130,F,0.9999,,0,
429,2017Ad_plus-F_1300,F,0.9983,,0,
22,2017Ad_plus-F_1301,F,1,,0,
430,2017Ad_plus-F_131,F,0.9972,,0,
1134,2017Ad_plus-F_1311,F,1,,0,
1135,2017Ad_plus-F_1312,F,1,,0,
23,2017Ad_plus-F_1313,F,1,,0,
1136,2017Ad_plus-F_1314,F,0.9999,,0,
1137,2017Ad_plus-F_1315,F,0.9602,S,0.0333,
1138,2017Ad_plus-F_1316,F,0.9957,,0,
24,2017Ad_plus-F_1317,F,1,,0,
25,2017Ad_plus-F_1318,F,1,,0,
431,2017Ad_plus-F_1319,F,0.9985,,0,
432,2017Ad_plus-F_132,F,0.9913,,0,
433,2017Ad_plus-F_1320,F,0.6584,LF,0.3416,
434,2017Ad_plus-F_1321,F,0.9281,LF,0.0718,
26,2017Ad_plus-F_1322,F,1,,0,
435,2017Ad_plus-F_1323,F,0.9868,LF,0.0132,
436,2017Ad_plus-F_1324,LF,0.8609,F,0.0138,
1139,2017Ad_plus-F_1325,F,0.9541,,0,
437,2017Ad_plus-F_1326,F,0.9992,,0,
438,2017Ad_plus-F_1327,F,0.9928,,0,
27,2017Ad_plus-F_1328,F,1,,0,
439,2017Ad_plus-F_1329,LF,0.8547,F,0.1433,
440,2017Ad_plus-F_133,F,0.9987,,0,
441,2017Ad_plus-F_1330,F,0.933,LF,0.0485,3rd: S. Prob: .0184
442,2017Ad_plus-F_1331,F,0.9896,LF,0.0104,
443,2017Ad_plus-F_1332,F,0.9995,,0,
444,2017Ad_plus-F_1333,F,0.542,LF,0.458,
445,2017Ad_plus-F_1334,F,0.9984,,0,
1140,2017Ad_plus-F_1335,F,0.9793,LF,0.0207,
28,2017Ad_plus-F_1336,F,1,,0,
446,2017Ad_plus-F_1337,F,0.9975,,0,
447,2017Ad_plus-F_1338,LF,0.6796,F,0.3202,
1141,2017Ad_plus-F_1339,F,0.5538,S,0.4462,
448,2017Ad_plus-F_134,F,0.9996,,0,
449,2017Ad_plus-F_135,F,0.9955,,0,
450,2017Ad_plus-F_136,F,0.5991,LF,0.3219,3rd: S. Prob: .0789
451,2017Ad_plus-F_137,F,0.9909,,0,
29,2017Ad_plus-F_1374,F,1,,0,
30,2017Ad_plus-F_1375,F,1,,0,
1142,2017Ad_plus-F_1376,F,1,,0,
1209,2017Ad_plus-F_1377,LF,0.9474,F,0.0524,
1210,2017Ad_plus-F_1378,LF,0.9238,F,0.0755,
261,2017Ad_plus-F_1379,F,0.9998,,0,
31,2017Ad_plus-F_138,F,1,,0,
452,2017Ad_plus-F_1380,F,0.9993,,0,
453,2017Ad_plus-F_1381,LF,0.5779,F,0.4119,3rd: S. Prob: .0102
454,2017Ad_plus-F_1382,F,0.9996,,0,
299,2017Ad_plus-F_1383,F,0.9997,,0,
455,2017Ad_plus-F_1384,F,0.9566,LF,0.0434,
300,2017Ad_plus-F_1385,F,0.9997,,0,
456,2017Ad_plus-F_1386,F,0.997,,0,
457,2017Ad_plus-F_1387,F,0.9267,LF,0.0733,
458,2017Ad_plus-F_1388,F,0.9947,,0,
459,2017Ad_plus-F_1389,F,0.9929,,0,
460,2017Ad_plus-F_139,F,0.9933,,0,
32,2017Ad_plus-F_1390,F,1,,0,
461,2017Ad_plus-F_1391,F,0.8435,LF,0.1557,
462,2017Ad_plus-F_1392,F,0.9756,LF,0.0237,
463,2017Ad_plus-F_1393,F,0.891,LF,0.109,
464,2017Ad_plus-F_140,F,0.996,,0,
465,2017Ad_plus-F_1402,F,0.577,LF,0.423,
466,2017Ad_plus-F_1403,F,0.9901,,0,
1143,2017Ad_plus-F_1404,F,0.9587,LF,0.0413,
33,2017Ad_plus-F_1405,F,1,,0,
467,2017Ad_plus-F_1406,F,0.9041,LF,0.0951,
468,2017Ad_plus-F_1407,F,0.9973,,0,
469,2017Ad_plus-F_1408,F,0.9964,,0,
470,2017Ad_plus-F_1409,F,0.7528,LF,0.2472,
34,2017Ad_plus-F_141,F,1,,0,
471,2017Ad_plus-F_1410,F,0.9228,LF,0.0772,
472,2017Ad_plus-F_1411,F,0.9753,LF,0.0247,
35,2017Ad_plus-F_1412,F,1,,0,
36,2017Ad_plus-F_1413,F,1,,0,
473,2017Ad_plus-F_1414,F,0.9996,,0,
474,2017Ad_plus-F_1415,F,0.9514,LF,0.0486,
475,2017Ad_plus-F_1416,F,0.996,,0,
37,2017Ad_plus-F_1417,F,1,,0,
476,2017Ad_plus-F_1418,F,0.9981,,0,
477,2017Ad_plus-F_1419,F,0.9982,,0,
38,2017Ad_plus-F_142,F,1,,0,
478,2017Ad_plus-F_1420,F,0.9982,,0,
479,2017Ad_plus-F_1421,F,0.9994,,0,
1144,2017Ad_plus-F_1422,F,0.9833,LF,0.0167,
480,2017Ad_plus-F_1423,F,0.9992,,0,
39,2017Ad_plus-F_143,F,1,,0,
481,2017Ad_plus-F_1437,F,0.9831,LF,0.0169,
482,2017Ad_plus-F_1438,F,0.9957,,0,
40,2017Ad_plus-F_1439,F,1,,0,
41,2017Ad_plus-F_144,F,1,,0,
483,2017Ad_plus-F_1440,F,0.7167,LF,0.2833,
1145,2017Ad_plus-F_1441,F,0.983,LF,0.0167,
42,2017Ad_plus-F_1442,F,1,,0,
484,2017Ad_plus-F_1443,F,0.8619,LF,0.1381,
485,2017Ad_plus-F_1444,F,0.8949,LF,0.1052,
486,2017Ad_plus-F_1445,F,0.9917,,0,
487,2017Ad_plus-F_1446,F,0.9926,,0,
488,2017Ad_plus-F_1447,F,0.9547,LF,0.0453,
262,2017Ad_plus-F_1448,F,0.9998,,0,
489,2017Ad_plus-F_1449,F,0.9978,,0,
490,2017Ad_plus-F_145,F,0.5078,S,0.4919,
43,2017Ad_plus-F_1450,F,1,,0,
1146,2017Ad_plus-F_1451,F,0.9957,,0,
491,2017Ad_plus-F_1454,F,0.999,,0,
1147,2017Ad_plus-F_1455,F,0.9005,LF,0.0995,
1148,2017Ad_plus-F_1456,F,1,,0,
492,2017Ad_plus-F_1457,F,0.9936,,0,
1149,2017Ad_plus-F_1458,F,0.998,,0,
1150,2017Ad_plus-F_1459,F,0.9819,LF,0.0181,
493,2017Ad_plus-F_146,F,0.9798,S,0.0187,
208,2017Ad_plus-F_1460,F,0.9999,,0,
44,2017Ad_plus-F_1461,F,1,,0,
494,2017Ad_plus-F_1462,F,0.992,,0,
495,2017Ad_plus-F_1463,F,0.9936,,0,
301,2017Ad_plus-F_1464,F,0.9997,,0,
496,2017Ad_plus-F_1465,F,0.9991,,0,
497,2017Ad_plus-F_1466,F,0.9929,,0,
498,2017Ad_plus-F_1467,F,0.9906,,0,
499,2017Ad_plus-F_1468,F,0.9985,,0,
1151,2017Ad_plus-F_1469,F,0.998,,0,
263,2017Ad_plus-F_147,F,0.9998,,0,
1152,2017Ad_plus-F_1470,F,1,,0,
500,2017Ad_plus-F_1471,F,0.9995,,0,
45,2017Ad_plus-F_1475,F,1,,0,
908,2017Ad_plus-F_1476,F,1,,0,
501,2017Ad_plus-F_1477,F,0.9962,,0,
46,2017Ad_plus-F_1478,F,1,,0,
209,2017Ad_plus-F_1479,F,0.9999,,0,
47,2017Ad_plus-F_148,F,1,,0,
48,2017Ad_plus-F_1480,F,1,,0,
502,2017Ad_plus-F_1481,F,0.9918,,0,
503,2017Ad_plus-F_1482,F,0.9577,LF,0.0423,
909,2017Ad_plus-F_1483,F,0.9859,LF,0.0141,
910,2017Ad_plus-F_1484,F,0.9996,,0,
504,2017Ad_plus-F_1485,F,0.9974,,0,
210,2017Ad_plus-F_1486,F,0.9999,,0,
911,2017Ad_plus-F_1487,F,0.7644,LF,0.2356,
49,2017Ad_plus-F_1488,F,1,,0,
505,2017Ad_plus-F_1489,F,0.9948,,0,
506,2017Ad_plus-F_149,F,0.96,LF,0.04,
507,2017Ad_plus-F_150,LF,0.9669,S,0.0293,
508,2017Ad_plus-F_151,F,0.9995,,0,
912,2017Ad_plus-F_1512,F,0.9404,LF,0.0581,
913,2017Ad_plus-F_1513,F,0.9875,LF,0.0125,
509,2017Ad_plus-F_1514,F,0.966,LF,0.0338,
510,2017Ad_plus-F_1515,F,0.9422,LF,0.0578,
50,2017Ad_plus-F_1516,F,1,,0,
511,2017Ad_plus-F_1517,F,0.9535,LF,0.0465,
512,2017Ad_plus-F_1518,F,0.9874,LF,0.0124,
513,2017Ad_plus-F_1519,F,0.9995,,0,
51,2017Ad_plus-F_152,F,1,,0,
514,2017Ad_plus-F_1520,F,0.996,,0,
515,2017Ad_plus-F_1521,F,0.9995,,0,
264,2017Ad_plus-F_1522,F,0.9998,,0,
52,2017Ad_plus-F_1523,F,1,,0,
53,2017Ad_plus-F_1524,F,1,,0,
265,2017Ad_plus-F_1525,F,0.9998,,0,
54,2017Ad_plus-F_1526,F,1,,0,
516,2017Ad_plus-F_1527,F,0.9984,,0,
211,2017Ad_plus-F_1528,F,0.9999,,0,
55,2017Ad_plus-F_1529,F,1,,0,
517,2017Ad_plus-F_153,F,0.9994,,0,
518,2017Ad_plus-F_1530,F,0.9995,,0,
519,2017Ad_plus-F_1531,F,0.9937,,0,
520,2017Ad_plus-F_1532,F,0.9996,,0,
521,2017Ad_plus-F_1534,F,0.8379,LF,0.1615,
56,2017Ad_plus-F_1535,F,1,,0,
522,2017Ad_plus-F_1536,F,0.9983,,0,
57,2017Ad_plus-F_1537,F,1,,0,
914,2017Ad_plus-F_1538,F,0.8201,S,0.1464,3rd: LF. Prob: 0.0335
915,2017Ad_plus-F_1539,F,0.9929,,0,
523,2017Ad_plus-F_154,F,0.9043,LF,0.0923,
916,2017Ad_plus-F_1540,F,0.9985,,0,
917,2017Ad_plus-F_1541,F,0.9894,LF,0.0106,
524,2017Ad_plus-F_1542,F,0.9996,,0,
525,2017Ad_plus-F_1543,F,0.995,,0,
526,2017Ad_plus-F_1544,F,0.9979,,0,
527,2017Ad_plus-F_1545,F,0.9977,,0,
528,2017Ad_plus-F_1546,F,0.8768,LF,0.1106,3rd: S. Prob: .0127
529,2017Ad_plus-F_1547,F,0.952,LF,0.048,
530,2017Ad_plus-F_1548,F,0.9054,LF,0.0946,
58,2017Ad_plus-F_1549,F,1,,0,
302,2017Ad_plus-F_155,F,0.9997,,0,
531,2017Ad_plus-F_1550,F,0.972,LF,0.028,
532,2017Ad_plus-F_1551,F,0.6615,LF,0.3385,
59,2017Ad_plus-F_1552,F,1,,0,
533,2017Ad_plus-F_1557,F,0.9092,LF,0.0907,
534,2017Ad_plus-F_1558,F,0.999,,0,
918,2017Ad_plus-F_1559,F,0.9971,,0,
535,2017Ad_plus-F_156,LF,0.9664,F,0.0333,
919,2017Ad_plus-F_1560,F,0.9997,,0,
920,2017Ad_plus-F_1561,F,0.8399,LF,0.1601,
536,2017Ad_plus-F_1562,F,0.9996,,0,
921,2017Ad_plus-F_1563,F,0.9982,,0,
922,2017Ad_plus-F_1564,F,0.9997,,0,
923,2017Ad_plus-F_1565,F,0.5049,LF,0.4951,
537,2017Ad_plus-F_1566,F,0.9813,LF,0.0164,
266,2017Ad_plus-F_1567,F,0.9998,,0,
538,2017Ad_plus-F_1568,F,0.9822,LF,0.0178,
924,2017Ad_plus-F_1569,F,0.9993,,0,
539,2017Ad_plus-F_157,F,0.9989,,0,
925,2017Ad_plus-F_1570,F,0.9998,,0,
60,2017Ad_plus-F_1571,F,1,,0,
926,2017Ad_plus-F_1572,F,0.8988,LF,0.1003,
927,2017Ad_plus-F_1573,F,0.7881,LF,0.2119,
61,2017Ad_plus-F_1574,F,1,,0,
540,2017Ad_plus-F_1575,F,0.9995,,0,
541,2017Ad_plus-F_1576,LF,0.8225,F,0.1722,
303,2017Ad_plus-F_1577,F,0.9997,,0,
928,2017Ad_plus-F_1578,F,0.8522,LF,0.1478,
929,2017Ad_plus-F_1579,F,0.7753,LF,0.2247,
542,2017Ad_plus-F_158,F,0.9996,,0,
543,2017Ad_plus-F_1580,F,0.947,LF,0.0528,
62,2017Ad_plus-F_1581,F,1,,0,
930,2017Ad_plus-F_1582,F,0.9997,,0,
931,2017Ad_plus-F_1583,F,0.9921,,0,
932,2017Ad_plus-F_1584,F,0.9994,,0,
544,2017Ad_plus-F_1585,F,0.9871,LF,0.0126,
212,2017Ad_plus-F_1586,F,0.9999,,0,
545,2017Ad_plus-F_1587,F,0.9983,,0,
546,2017Ad_plus-F_1588,F,0.9533,S,0.0467,
933,2017Ad_plus-F_1589,F,0.9847,LF,0.014,
63,2017Ad_plus-F_159,F,1,,0,
934,2017Ad_plus-F_1590,F,0.9999,,0,
935,2017Ad_plus-F_1591,F,0.9852,LF,0.0148,
936,2017Ad_plus-F_1592,F,0.9939,,0,
937,2017Ad_plus-F_1593,F,0.9999,,0,
938,2017Ad_plus-F_1594,F,0.6342,LF,0.3658,
939,2017Ad_plus-F_1595,F,0.8643,LF,0.1347,
940,2017Ad_plus-F_1596,F,1,,0,
941,2017Ad_plus-F_1597,F,0.9674,LF,0.0322,
942,2017Ad_plus-F_1598,F,0.8117,LF,0.1883,
943,2017Ad_plus-F_1599,F,1,,0,
547,2017Ad_plus-F_160,F,0.9895,LF,0.0105,
944,2017Ad_plus-F_1600,F,0.9997,,0,
945,2017Ad_plus-F_1601,F,0.9929,,0,
946,2017Ad_plus-F_1602,F,1,,0,
947,2017Ad_plus-F_1603,F,1,,0,
948,2017Ad_plus-F_1604,F,0.9992,,0,
949,2017Ad_plus-F_1605,F,0.7705,LF,0.2295,
950,2017Ad_plus-F_1606,F,0.9996,,0,
951,2017Ad_plus-F_1607,F,0.9765,LF,0.01881,
952,2017Ad_plus-F_1608,F,0.9998,,0,
953,2017Ad_plus-F_1609,F,1,,0,
548,2017Ad_plus-F_161,F,0.5546,LF,0.4454,
954,2017Ad_plus-F_1610,F,1,,0,
955,2017Ad_plus-F_1611,F,0.997,,0,
956,2017Ad_plus-F_1612,F,0.9999,,0,
957,2017Ad_plus-F_1613,F,0.9312,LF,0.0688,
958,2017Ad_plus-F_1614,F,0.9966,,0,
959,2017Ad_plus-F_1615,F,1,,0,
960,2017Ad_plus-F_1616,F,1,,0,
961,2017Ad_plus-F_1617,F,0.9991,,0,
962,2017Ad_plus-F_1618,F,0.8761,LF,0.1239,
963,2017Ad_plus-F_1619,F,1,,0,
549,2017Ad_plus-F_162,S,0.7512,F,0.246,
964,2017Ad_plus-F_1620,F,1,,0,
965,2017Ad_plus-F_1621,F,1,,0,
966,2017Ad_plus-F_1622,F,0.9622,LF,0.0378,
967,2017Ad_plus-F_1623,F,1,,0,
968,2017Ad_plus-F_1624,F,1,,0,
969,2017Ad_plus-F_1625,S,0.6195,F,0.1942,3rd: LF. Prob: .1863
970,2017Ad_plus-F_1626,LF,0.5677,F,0.4323,
971,2017Ad_plus-F_1627,F,1,,0,
550,2017Ad_plus-F_163,F,0.9995,,0,
213,2017Ad_plus-F_164,F,0.9999,,0,
972,2017Ad_plus-F_1642,F,0.9659,LF,0.0341,
64,2017Ad_plus-F_165,F,1,,0,
973,2017Ad_plus-F_1650,F,0.9999,,0,
974,2017Ad_plus-F_1651,F,0.8239,LF,0.1736,
975,2017Ad_plus-F_1652,F,0.9996,,0,
551,2017Ad_plus-F_1653,F,0.9922,,0,
214,2017Ad_plus-F_1654,F,0.9999,,0,
552,2017Ad_plus-F_1655,F,0.9868,LF,0.0131,
553,2017Ad_plus-F_1656,F,0.9983,,0,
554,2017Ad_plus-F_1657,F,0.9925,,0,
555,2017Ad_plus-F_1658,F,0.7139,LF,0.2861,
556,2017Ad_plus-F_1659,F,0.9942,,0,
304,2017Ad_plus-F_166,F,0.9997,,0,
215,2017Ad_plus-F_1660,F,0.9999,,0,
65,2017Ad_plus-F_1661,F,1,,0,
66,2017Ad_plus-F_1662,F,1,,0,
557,2017Ad_plus-F_1663,F,0.999,,0,
67,2017Ad_plus-F_1664,F,1,,0,
68,2017Ad_plus-F_1665,F,1,,0,
69,2017Ad_plus-F_1666,F,1,,0,
558,2017Ad_plus-F_1667,LF,0.735,F,0.2649,
70,2017Ad_plus-F_1668,F,1,,0,
559,2017Ad_plus-F_1669,F,0.9787,LF,0.0212,
216,2017Ad_plus-F_167,F,0.9999,,0,
560,2017Ad_plus-F_1670,F,0.9241,LF,0.0751,
561,2017Ad_plus-F_1671,F,0.9996,,0,
217,2017Ad_plus-F_1672,F,0.9999,,0,
562,2017Ad_plus-F_1673,S,0.5491,F,0.4241,3rd: LF. Prob: .0267
218,2017Ad_plus-F_1674,F,0.9999,,0,
71,2017Ad_plus-F_1675,F,1,,0,
563,2017Ad_plus-F_1676,F,0.9968,,0,
564,2017Ad_plus-F_1677,F,0.9996,,0,
565,2017Ad_plus-F_1678,F,0.9991,,0,
72,2017Ad_plus-F_1679,F,1,,0,
566,2017Ad_plus-F_168,S,0.7761,F,0.2213,
567,2017Ad_plus-F_1680,F,0.9996,,0,
568,2017Ad_plus-F_1681,F,0.9994,,0,
569,2017Ad_plus-F_1682,F,0.9932,,0,
570,2017Ad_plus-F_1683,F,0.8534,LF,0.1466,
267,2017Ad_plus-F_1684,F,0.9998,,0,
571,2017Ad_plus-F_1685,F,0.9781,LF,0.0219,
572,2017Ad_plus-F_1686,F,0.9931,,0,
73,2017Ad_plus-F_1687,F,1,,0,
74,2017Ad_plus-F_1688,F,1,,0,
573,2017Ad_plus-F_1689,F,0.9995,,0,
574,2017Ad_plus-F_169,LF,0.5167,F,0.4776,
575,2017Ad_plus-F_1690,F,0.999,,0,
576,2017Ad_plus-F_1691,F,0.9935,,0,
305,2017Ad_plus-F_1692,F,0.9997,,0,
75,2017Ad_plus-F_1693,F,1,,0,
76,2017Ad_plus-F_170,F,1,,0,
1076,2017Ad_plus-F_1700,F,0.9257,LF,0.0743,
77,2017Ad_plus-F_171,F,1,,0,
306,2017Ad_plus-F_172,F,0.9997,,0,
79,2017Ad_plus-F_173,F,1,,0,
80,2017Ad_plus-F_1739,F,1,,0,
577,2017Ad_plus-F_174,F,0.9995,,0,
578,2017Ad_plus-F_1740,F,0.7815,LF,0.1474,3rd: S. Prob: .0711
579,2017Ad_plus-F_1741,F,0.9028,LF,0.0972,
81,2017Ad_plus-F_1742,F,1,,0,
580,2017Ad_plus-F_1743,F,0.9885,LF,0.0114,
82,2017Ad_plus-F_1744,F,1,,0,
268,2017Ad_plus-F_1745,F,0.9998,,0,
1229,2017Ad_plus-F_1746,F,0.9629,LF,0.0371,
1230,2017Ad_plus-F_1747,F,0.9945,,,
1231,2017Ad_plus-F_1748,F,0.9978,,,
1232,2017Ad_plus-F_1749,F,0.9997,,,
581,2017Ad_plus-F_175,F,0.796,LF,0.204,
1233,2017Ad_plus-F_1750,F,0.9994,,,
1234,2017Ad_plus-F_1751,F,0.9983,,,
1235,2017Ad_plus-F_1752,F,0.9793,LF,0.0207,
1236,2017Ad_plus-F_1753,F,0.9979,,,
1237,2017Ad_plus-F_1754,F,0.9867,LF,0.012,
1238,2017Ad_plus-F_1755,F,1,,,
582,2017Ad_plus-F_1756,F,0.9985,,0,
583,2017Ad_plus-F_1757,F,0.9679,LF,0.0319,
584,2017Ad_plus-F_1758,LF,0.7424,F,0.2576,
307,2017Ad_plus-F_1759,F,0.9997,,0,
269,2017Ad_plus-F_176,F,0.9998,,0,
585,2017Ad_plus-F_1760,F,0.9637,LF,0.0341,
586,2017Ad_plus-F_1761,F,0.9852,LF,0.0146,
308,2017Ad_plus-F_1762,F,0.9997,,0,
587,2017Ad_plus-F_1763,F,0.9929,,0,
219,2017Ad_plus-F_1764,F,0.9999,,0,
78,2017Ad_plus-F_1765,F,1,,0,
588,2017Ad_plus-F_1766,F,0.6613,LF,0.3384,
589,2017Ad_plus-F_1767,F,0.8477,LF,0.1487,
270,2017Ad_plus-F_1768,F,0.9998,,0,
309,2017Ad_plus-F_1769,F,0.9997,,0,
83,2017Ad_plus-F_177,F,1,,0,
590,2017Ad_plus-F_1770,F,0.9725,LF,0.0274,
591,2017Ad_plus-F_1771,F,0.866,LF,0.134,
592,2017Ad_plus-F_178,F,0.8528,LF,0.1472,
1153,2017Ad_plus-F_179,F,0.9989,,0,
593,2017Ad_plus-F_180,F,0.9864,LF,0.0136,
594,2017Ad_plus-F_181,F,0.9996,,0,
595,2017Ad_plus-F_182,F,0.9625,LF,0.0315,
596,2017Ad_plus-F_183,LF,0.867,F,0.1326,
597,2017Ad_plus-F_184,F,0.9497,LF,0.0503,
598,2017Ad_plus-F_185,F,0.9996,,0,
599,2017Ad_plus-F_186,F,0.9372,LF,0.0628,
84,2017Ad_plus-F_187,F,1,,0,
271,2017Ad_plus-F_188,F,0.9998,,0,
600,2017Ad_plus-F_189,F,0.9977,,0,
601,2017Ad_plus-F_190,F,0.9944,,0,
602,2017Ad_plus-F_191,F,0.9808,LF,0.0192,
85,2017Ad_plus-F_192,F,1,,0,
86,2017Ad_plus-F_193,F,1,,0,
87,2017Ad_plus-F_194,F,1,,0,
603,2017Ad_plus-F_195,F,0.9803,LF,0.0197,
604,2017Ad_plus-F_196,F,0.6994,LF,0.3005,
88,2017Ad_plus-F_197,F,1,,0,
89,2017Ad_plus-F_198,F,1,,0,
605,2017Ad_plus-F_199,F,0.98,S,0.0187,
606,2017Ad_plus-F_200,F,0.9793,LF,0.0207,
607,2017Ad_plus-F_201,F,0.9977,,0,
608,2017Ad_plus-F_202,F,0.6972,LF,0.3027,
90,2017Ad_plus-F_203,F,1,,0,
609,2017Ad_plus-F_204,F,0.967,S,0.0229,3rd: LF. Prob: .0101
610,2017Ad_plus-F_205,F,0.999,,0,
611,2017Ad_plus-F_206,F,0.9974,,0,
612,2017Ad_plus-F_207,F,0.9974,,0,
613,2017Ad_plus-F_208,F,0.9978,,0,
614,2017Ad_plus-F_209,F,0.9844,LF,0.0156,
615,2017Ad_plus-F_210,F,0.928,LF,0.072,
616,2017Ad_plus-F_211,F,0.9978,,0,
91,2017Ad_plus-F_212,S,1,,0,
617,2017Ad_plus-F_213,F,0.9994,,0,
618,2017Ad_plus-F_214,F,0.9891,LF,0.0109,
619,2017Ad_plus-F_215,F,0.989,LF,0.011,
620,2017Ad_plus-F_216,F,0.9991,,0,
220,2017Ad_plus-F_217,F,0.9999,,0,
92,2017Ad_plus-F_218,F,1,,0,
621,2017Ad_plus-F_219,F,0.9974,,0,
93,2017Ad_plus-F_220,F,1,,0,
622,2017Ad_plus-F_221,F,0.9992,,0,
94,2017Ad_plus-F_222,F,1,,0,
1154,2017Ad_plus-F_223,F,0.8168,LF,0.1693,3rd: S. Prob: .0139
95,2017Ad_plus-F_224,F,1,,0,
96,2017Ad_plus-F_225,F,1,,0,
623,2017Ad_plus-F_226,F,0.9981,,0,
221,2017Ad_plus-F_227,F,0.9999,,0,
624,2017Ad_plus-F_228,F,0.9945,,0,
625,2017Ad_plus-F_229,F,0.9983,,0,
626,2017Ad_plus-F_230,F,0.6754,LF,0.3246,
627,2017Ad_plus-F_231,F,0.9996,,0,
628,2017Ad_plus-F_232,F,0.9986,,0,
629,2017Ad_plus-F_233,F,0.9226,S,0.0773,
272,2017Ad_plus-F_234,F,0.9998,,0,
630,2017Ad_plus-F_235,F,0.997,,0,
631,2017Ad_plus-F_236,F,0.8993,LF,0.1006,
97,2017Ad_plus-F_237,S,1,,0,
632,2017Ad_plus-F_238,F,0.8754,LF,0.123,
98,2017Ad_plus-F_239,F,1,,0,
633,2017Ad_plus-F_240,F,0.9939,,0,
634,2017Ad_plus-F_241,F,0.6481,LF,0.3394,3rd: S. Prob: .0124
222,2017Ad_plus-F_242,F,0.9999,,0,
635,2017Ad_plus-F_243,S,0.5991,F,0.3247,3rd: LF. Prob: .0762
273,2017Ad_plus-F_244,F,0.9998,,0,
636,2017Ad_plus-F_245,F,0.99,LF,0.01,
637,2017Ad_plus-F_246,F,0.9961,,0,
638,2017Ad_plus-F_247,F,0.9799,LF,0.0201,
639,2017Ad_plus-F_248,F,0.9532,LF,0.0395,
640,2017Ad_plus-F_249,F,0.9968,,0,
641,2017Ad_plus-F_250,F,0.9991,,0,
642,2017Ad_plus-F_251,F,0.8561,LF,0.1437,
643,2017Ad_plus-F_252,F,0.9735,S,0.0211,
644,2017Ad_plus-F_253,F,0.9948,,0,
645,2017Ad_plus-F_254,LF,0.7604,F,0.2391,
646,2017Ad_plus-F_255,LF,0.7315,F,0.2685,
647,2017Ad_plus-F_256,F,0.9416,LF,0.057,
648,2017Ad_plus-F_257,F,0.9331,LF,0.0669,
649,2017Ad_plus-F_258,F,0.9987,,0,
650,2017Ad_plus-F_259,F,0.9961,,0,
651,2017Ad_plus-F_260,F,0.9254,LF,0.0746,
652,2017Ad_plus-F_261,F,0.6057,LF,0.3942,
653,2017Ad_plus-F_262,F,0.9996,,0,
654,2017Ad_plus-F_263,F,0.9927,,0,
655,2017Ad_plus-F_264,F,0.9996,,0,
99,2017Ad_plus-F_265,F,1,,0,
100,2017Ad_plus-F_266,F,1,,0,
656,2017Ad_plus-F_267,F,0.8312,LF,0.1688,
657,2017Ad_plus-F_268,F,0.9992,,0,
658,2017Ad_plus-F_269,F,0.6558,LF,0.3305,3rd: S. Prob: .0137
659,2017Ad_plus-F_270,F,0.9948,,0,
660,2017Ad_plus-F_271,F,0.9927,,0,
101,2017Ad_plus-F_272,F,1,,0,
1155,2017Ad_plus-F_273,F,0.8243,S,0.1742,
1156,2017Ad_plus-F_274,F,0.9985,,,
1157,2017Ad_plus-F_275,F,0.6706,LF,0.3291,
1158,2017Ad_plus-F_276,F,0.9952,,,
1159,2017Ad_plus-F_277,F,0.9995,,0,
661,2017Ad_plus-F_278,F,0.9959,,0,
223,2017Ad_plus-F_279,F,0.9999,,0,
274,2017Ad_plus-F_280,F,0.9998,,0,
275,2017Ad_plus-F_281,F,0.9998,,0,
662,2017Ad_plus-F_282,F,0.9924,,0,
102,2017Ad_plus-F_283,F,1,,0,
663,2017Ad_plus-F_284,F,0.999,,0,
103,2017Ad_plus-F_285,F,1,,0,
664,2017Ad_plus-F_286,F,0.9981,,0,
665,2017Ad_plus-F_287,F,0.9992,,0,
104,2017Ad_plus-F_288,F,1,,0,
666,2017Ad_plus-F_289,F,0.9965,,0,
667,2017Ad_plus-F_290,F,0.9968,,0,
105,2017Ad_plus-F_291,F,1,,0,
106,2017Ad_plus-F_292,F,1,,0,
2277,2017Ad_plus-F_293,,0,,0,CODEUNK
224,2017Ad_plus-F_294,F,0.9999,,0,
668,2017Ad_plus-F_295,F,0.9991,,0,
669,2017Ad_plus-F_296,F,0.9996,,0,
670,2017Ad_plus-F_297,F,0.997,,0,
671,2017Ad_plus-F_298,F,0.9879,LF,0.0121,
310,2017Ad_plus-F_299,F,0.9997,,0,
672,2017Ad_plus-F_300,F,0.9988,,0,
107,2017Ad_plus-F_301,F,1,,0,
673,2017Ad_plus-F_302,F,0.9869,LF,0.0131,
674,2017Ad_plus-F_303,F,0.9978,,0,
108,2017Ad_plus-F_304,F,1,,0,
675,2017Ad_plus-F_305,F,0.9643,LF,0.0357,
676,2017Ad_plus-F_306,F,0.9994,,0,
109,2017Ad_plus-F_307,F,1,,0,
677,2017Ad_plus-F_308,F,0.9679,LF,0.0321,
276,2017Ad_plus-F_309,F,0.9998,,0,
678,2017Ad_plus-F_310,F,0.9994,,0,
679,2017Ad_plus-F_311,LF,0.5039,F,0.4961,
1160,2017Ad_plus-F_312,F,0.9989,,0,
1161,2017Ad_plus-F_313,F,0.6332,LF,0.3668,
1162,2017Ad_plus-F_314,F,0.9484,LF,0.0515,
1163,2017Ad_plus-F_315,F,0.9974,,,
1164,2017Ad_plus-F_316,F,0.9683,LF,0.0317,
110,2017Ad_plus-F_317,F,1,,0,
680,2017Ad_plus-F_318,F,0.8822,LF,0.1178,
111,2017Ad_plus-F_319,F,1,,0,
112,2017Ad_plus-F_320,F,1,,0,
681,2017Ad_plus-F_321,F,0.6917,LF,0.3067,
113,2017Ad_plus-F_322,F,1,,0,
682,2017Ad_plus-F_323,F,0.9755,LF,0.0245,
683,2017Ad_plus-F_324,S,0.8516,F,0.1483,
684,2017Ad_plus-F_325,F,0.6186,LF,0.3814,
685,2017Ad_plus-F_326,F,0.793,LF,0.207,
277,2017Ad_plus-F_327,F,0.9998,,0,
114,2017Ad_plus-F_328,F,1,,0,
311,2017Ad_plus-F_329,F,0.9997,,0,
686,2017Ad_plus-F_330,F,0.9975,,0,
687,2017Ad_plus-F_331,F,0.5773,S,0.4211,
688,2017Ad_plus-F_332,F,0.6762,LF,0.2949,3rd: S. Prob: .0289
115,2017Ad_plus-F_333,F,1,,0,
689,2017Ad_plus-F_334,F,0.9367,LF,0.0633,
116,2017Ad_plus-F_335,F,1,,0,
690,2017Ad_plus-F_336,F,0.9994,,0,
312,2017Ad_plus-F_337,F,0.9997,,0,
691,2017Ad_plus-F_338,F,0.9846,LF,0.0154,
278,2017Ad_plus-F_339,F,0.9998,,0,
692,2017Ad_plus-F_340,F,0.9536,LF,0.0464,
279,2017Ad_plus-F_341,F,0.9998,,0,
693,2017Ad_plus-F_342,F,0.9948,,0,
117,2017Ad_plus-F_343,F,1,,0,
694,2017Ad_plus-F_344,F,0.9995,,0,
225,2017Ad_plus-F_345,F,0.9999,,0,
118,2017Ad_plus-F_346,F,1,,0,
226,2017Ad_plus-F_347,F,0.9999,,0,
695,2017Ad_plus-F_348,F,0.9533,LF,0.045,
696,2017Ad_plus-F_349,F,0.9969,,0,
119,2017Ad_plus-F_350,F,1,,0,
697,2017Ad_plus-F_351,F,0.9995,,0,
698,2017Ad_plus-F_352,F,0.9994,,0,
227,2017Ad_plus-F_353,F,0.9999,,0,
699,2017Ad_plus-F_354,F,0.9874,S,0.0126,
700,2017Ad_plus-F_355,F,0.9769,LF,0.0231,
280,2017Ad_plus-F_356,F,0.9998,,0,
228,2017Ad_plus-F_357,F,0.9999,,0,
120,2017Ad_plus-F_358,F,1,,0,
121,2017Ad_plus-F_359,F,1,,0,
313,2017Ad_plus-F_360,F,0.9997,,0,
701,2017Ad_plus-F_361,F,0.9925,,0,
702,2017Ad_plus-F_362,F,0.9981,,0,
122,2017Ad_plus-F_363,F,1,,0,
703,2017Ad_plus-F_364,F,0.9996,,0,
704,2017Ad_plus-F_365,F,0.9995,,0,
705,2017Ad_plus-F_367,F,0.5216,LF,0.471,
281,2017Ad_plus-F_368,F,0.9998,,0,
706,2017Ad_plus-F_369,F,0.9799,LF,0.0199,
282,2017Ad_plus-F_370,F,0.9998,,0,
123,2017Ad_plus-F_371,F,1,,0,
124,2017Ad_plus-F_372,F,1,,0,
707,2017Ad_plus-F_373,F,0.9947,,0,
708,2017Ad_plus-F_374,LF,0.7248,F,0.2674,
229,2017Ad_plus-F_375,F,0.9999,,0,
1211,2017Ad_plus-F_376,LF,0.9737,F,0.0263,
2276,2017Ad_plus-F_414,,0,,0,CODEUNK
709,2017Ad_plus-F_415,F,0.8484,S,0.1168,3rd: LF. Prob: .0348
125,2017Ad_plus-F_416,F,1,,0,
126,2017Ad_plus-F_417,F,1,,0,
127,2017Ad_plus-F_418,F,1,,0,
128,2017Ad_plus-F_419,F,1,,0,
129,2017Ad_plus-F_420,F,1,,0,
1218,2017Ad_plus-F_421,S,1,,,
710,2017Ad_plus-F_422,F,0.9995,,0,
130,2017Ad_plus-F_423,F,1,,0,
131,2017Ad_plus-F_424,F,1,,0,
711,2017Ad_plus-F_425,F,0.6857,LF,0.3143,
712,2017Ad_plus-F_426,F,0.9931,,0,
713,2017Ad_plus-F_427,F,0.9903,,0,
132,2017Ad_plus-F_428,F,1,,0,
133,2017Ad_plus-F_429,F,1,,0,
714,2017Ad_plus-F_430,F,0.9843,S,0.0145,
715,2017Ad_plus-F_431,F,0.9909,,0,
716,2017Ad_plus-F_432,F,0.9996,,0,
717,2017Ad_plus-F_433,F,0.9942,,0,
718,2017Ad_plus-F_434,F,0.9996,,0,
1165,2017Ad_plus-F_450,F,0.9998,,0,
719,2017Ad_plus-F_451,F,0.9948,,0,
134,2017Ad_plus-F_452,F,1,,0,
135,2017Ad_plus-F_453,F,1,,0,
136,2017Ad_plus-F_454,F,1,,0,
137,2017Ad_plus-F_455,F,1,,0,
720,2017Ad_plus-F_456,F,0.9949,,0,
138,2017Ad_plus-F_457,F,1,,0,
139,2017Ad_plus-F_458,F,1,,0,
721,2017Ad_plus-F_459,F,0.8412,LF,0.1588,
1219,2017Ad_plus-F_460,S,0.9999,,0,
1166,2017Ad_plus-F_461,F,0.9587,LF,0.0409,
722,2017Ad_plus-F_462,F,0.9949,,0,
140,2017Ad_plus-F_463,F,1,,0,
723,2017Ad_plus-F_464,F,0.9996,,0,
1167,2017Ad_plus-F_465,F,0.9968,,0,
1168,2017Ad_plus-F_466,F,0.9999,,0,
724,2017Ad_plus-F_467,F,0.9965,,0,
725,2017Ad_plus-F_468,F,0.9992,,0,
726,2017Ad_plus-F_469,F,0.9995,,0,
727,2017Ad_plus-F_470,F,0.9932,,0,
728,2017Ad_plus-F_471,F,0.9937,,0,
314,2017Ad_plus-F_472,F,0.9997,,0,
230,2017Ad_plus-F_473,F,0.9999,,0,
729,2017Ad_plus-F_474,F,0.9961,,0,
730,2017Ad_plus-F_475,F,0.995,,0,
731,2017Ad_plus-F_476,F,0.9589,LF,0.0409,
732,2017Ad_plus-F_477,F,0.9972,,0,
141,2017Ad_plus-F_478,F,1,,0,
142,2017Ad_plus-F_481,F,1,,0,
143,2017Ad_plus-F_482,F,1,,0,
144,2017Ad_plus-F_483,F,1,,0,
145,2017Ad_plus-F_484,F,1,,0,
733,2017Ad_plus-F_485,F,0.9995,,0,
734,2017Ad_plus-F_486,S,0.5958,F,0.4032,
146,2017Ad_plus-F_487,F,1,,0,
735,2017Ad_plus-F_488,F,0.9705,LF,0.0295,
736,2017Ad_plus-F_489,F,0.9996,,0,
231,2017Ad_plus-F_490,F,0.9999,,0,
737,2017Ad_plus-F_491,F,0.8994,LF,0.096,
738,2017Ad_plus-F_492,F,0.9248,LF,0.0752,
739,2017Ad_plus-F_493,F,0.9936,,0,
1169,2017Ad_plus-F_494,F,0.9065,LF,0.0935,
1220,2017Ad_plus-F_495,S,0.9166,F,0.0834,
147,2017Ad_plus-F_556,F,1,,0,
740,2017Ad_plus-F_557,F,0.9987,,0,
1078,2017Ad_plus-F_558,F,0.9998,,0,
1079,2017Ad_plus-F_559,F,0.9999,,0,
1080,2017Ad_plus-F_560,F,1,,0,
1081,2017Ad_plus-F_561,F,0.9999,,0,
1082,2017Ad_plus-F_562,F,0.992,,0,
1083,2017Ad_plus-F_563,F,0.9052,LF,0.0939,
741,2017Ad_plus-F_564,F,0.9911,,0,
742,2017Ad_plus-F_565,F,0.9982,,0,
743,2017Ad_plus-F_566,F,0.9992,,0,
744,2017Ad_plus-F_567,LF,0.7311,F,0.2689,
745,2017Ad_plus-F_568,F,0.9995,,0,
232,2017Ad_plus-F_569,F,0.9999,,0,
148,2017Ad_plus-F_570,F,1,,0,
149,2017Ad_plus-F_571,F,1,,0,
1170,2017Ad_plus-F_572,F,0.9872,LF,0.0126,
746,2017Ad_plus-F_573,F,0.982,LF,0.0172,
1171,2017Ad_plus-F_575,F,0.991,,0,
1172,2017Ad_plus-F_576,F,0.9771,LF,0.021,
1173,2017Ad_plus-F_577,F,0.9147,S,0.0786,
1174,2017Ad_plus-F_578,F,0.9997,,0,
747,2017Ad_plus-F_579,F,0.8587,S,0.1187,3rd: LF. Prob: .0226
748,2017Ad_plus-F_580,S,0.8572,F,0.1408,
233,2017Ad_plus-F_581,F,0.9999,,0,
150,2017Ad_plus-F_582,F,1,,0,
151,2017Ad_plus-F_583,F,1,,0,
749,2017Ad_plus-F_584,F,0.9982,,0,
750,2017Ad_plus-F_585,F,0.9995,,0,
751,2017Ad_plus-F_586,F,0.987,LF,0.013,
234,2017Ad_plus-F_587,F,0.9999,,0,
152,2017Ad_plus-F_588,F,1,,0,
752,2017Ad_plus-F_589,F,0.9989,,0,
753,2017Ad_plus-F_590,F,0.996,,0,
153,2017Ad_plus-F_591,F,1,,0,
1175,2017Ad_plus-F_617,F,0.9996,,0,
2078,2017Ad_plus-F_665,,0,,0,CODEUNK
154,2017Ad_plus-F_666,F,1,,0,
754,2017Ad_plus-F_667,LF,0.8697,F,0.1303,
755,2017Ad_plus-F_668,F,0.9907,,0,
283,2017Ad_plus-F_670,F,0.9998,,0,
155,2017Ad_plus-F_671,F,1,,0,
1176,2017Ad_plus-F_672,F,0.9962,,0,
156,2017Ad_plus-F_673,F,1,,0,
157,2017Ad_plus-F_674,F,1,,0,
756,2017Ad_plus-F_675,F,0.4994,S,0.417,3rd: LF. Prob: .0836
757,2017Ad_plus-F_676,F,0.9993,,0,
758,2017Ad_plus-F_677,F,0.9996,,0,
759,2017Ad_plus-F_678,F,0.9522,LF,0.0478,
760,2017Ad_plus-F_679,F,0.9967,,0,
235,2017Ad_plus-F_680,F,0.9999,,0,
236,2017Ad_plus-F_681,F,0.9999,,0,
761,2017Ad_plus-F_682,F,0.9993,,0,
158,2017Ad_plus-F_683,F,1,,0,
762,2017Ad_plus-F_684,F,0.9983,,0,
159,2017Ad_plus-F_685,F,0,,0,
763,2017Ad_plus-F_686,F,0.4799,S,0.4342,3rd: LF. Prob: .0859
237,2017Ad_plus-F_687,F,0.9999,,0,
764,2017Ad_plus-F_690,LF,0.9617,F,0.0248,3rd: S. Prob: .0135
765,2017Ad_plus-F_691,F,0.9441,LF,0.0559,
284,2017Ad_plus-F_692,F,0.9998,,0,
238,2017Ad_plus-F_693,F,0.9999,,0,
160,2017Ad_plus-F_694,F,1,,0,
161,2017Ad_plus-F_695,F,1,,0,
162,2017Ad_plus-F_696,F,1,,0,
315,2017Ad_plus-F_697,F,0.9997,,0,
766,2017Ad_plus-F_698,LF,0.6777,F,0.3217,
767,2017Ad_plus-F_699,F,0.9946,,0,
768,2017Ad_plus-F_700,S,0.6419,F,0.1906,3rd: LF. Prob: .1675
769,2017Ad_plus-F_701,F,0.9668,LF,0.033,
239,2017Ad_plus-F_702,F,0.9999,,0,
770,2017Ad_plus-F_703,LF,0.7043,F,0.2798,3rd: S. Prob: .0159
771,2017Ad_plus-F_704,F,0.9374,LF,0.0336,3rd: S. Prob: .0289
285,2017Ad_plus-F_705,F,0.9998,,0,
163,2017Ad_plus-F_706,F,1,,0,
772,2017Ad_plus-F_707,F,0.5624,LF,0.4376,
773,2017Ad_plus-F_708,F,0.9442,LF,0.0557,
774,2017Ad_plus-F_709,F,0.976,LF,0.0184,
240,2017Ad_plus-F_710,F,0.9999,,0,
775,2017Ad_plus-F_711,F,0.9448,LF,0.0525,
776,2017Ad_plus-F_712,LF,0.7321,F,0.2678,
777,2017Ad_plus-F_717,LF,0.5218,F,0.443,3rd: S. Prob: .0352
778,2017Ad_plus-F_718,F,0.9971,,0,
779,2017Ad_plus-F_719,S,0.9972,,0,
780,2017Ad_plus-F_720,F,0.9912,,0,
781,2017Ad_plus-F_721,F,0.9981,,0,
286,2017Ad_plus-F_722,F,0.9998,,0,
164,2017Ad_plus-F_723,F,1,,0,
241,2017Ad_plus-F_724,F,0.9999,,0,
782,2017Ad_plus-F_725,LF,0.9788,F,0.0212,
783,2017Ad_plus-F_726,F,0.9959,,0,
784,2017Ad_plus-F_727,F,0.7333,LF,0.2667,
785,2017Ad_plus-F_728,F,0.9944,,0,
1177,2017Ad_plus-F_729,F,1,,0,
165,2017Ad_plus-F_730,F,1,,0,
786,2017Ad_plus-F_731,F,0.9884,S,0.0085,
166,2017Ad_plus-F_732,F,1,,0,
167,2017Ad_plus-F_733,F,1,,0,
316,2017Ad_plus-F_734,F,0.9997,,0,
787,2017Ad_plus-F_735,F,0.9993,,0,
168,2017Ad_plus-F_736,F,1,,0,
169,2017Ad_plus-F_737,F,1,,0,
317,2017Ad_plus-F_738,F,0.9997,,0,
170,2017Ad_plus-F_739,F,1,,0,
788,2017Ad_plus-F_740,F,0.9989,,0,
789,2017Ad_plus-F_741,LF,0.74,F,0.26,
1178,2017Ad_plus-F_742,F,0.9661,LF,0.0339,
790,2017Ad_plus-F_743,F,0.9906,,0,
1179,2017Ad_plus-F_744,F,0.9619,LF,0.0381,
791,2017Ad_plus-F_745,F,0.9959,,0,
792,2017Ad_plus-F_746,LF,0.9891,F,0.0109,
318,2017Ad_plus-F_747,F,0.9997,,0,
793,2017Ad_plus-F_748,F,0.99,,0,
287,2017Ad_plus-F_749,F,0.9998,,0,
794,2017Ad_plus-F_750,F,0.9823,LF,0.0144,
795,2017Ad_plus-F_751,LF,0.6635,F,0.3365,
796,2017Ad_plus-F_752,F,0.9963,,0,
797,2017Ad_plus-F_753,F,0.9765,LF,0.0231,
798,2017Ad_plus-F_754,F,0.9327,LF,0.0673,
1180,2017Ad_plus-F_755,F,0.8008,LF,0.199,
171,2017Ad_plus-F_756,F,1,,0,
799,2017Ad_plus-F_757,F,0.998,,0,
800,2017Ad_plus-F_788,F,0.9918,,0,
801,2017Ad_plus-F_789,F,0.9965,,0,
802,2017Ad_plus-F_790,F,0.9922,,0,
803,2017Ad_plus-F_791,F,0.998,,0,
804,2017Ad_plus-F_792,F,0.925,LF,0.075,
806,2017Ad_plus-F_793,F,0.9963,,0,
807,2017Ad_plus-F_794,F,0.9946,,0,
808,2017Ad_plus-F_795,F,0.9995,,0,
809,2017Ad_plus-F_796,F,0.9751,LF,0.0249,
810,2017Ad_plus-F_797,F,0.9806,LF,0.0193,
811,2017Ad_plus-F_798,F,0.6794,LF,0.3206,
812,2017Ad_plus-F_799,F,0.9397,LF,0.0603,
813,2017Ad_plus-F_800,F,0.9993,,0,
814,2017Ad_plus-F_801,F,0.4921,LF,0.4785,3rd: S. Prob: .0293
1228,2017Ad_plus-F_802,F,0.4921,LF,0.4785,3rd: S. Prob: .0293
1212,2017Ad_plus-F_826,LF,0.7087,S,0.2394,3rd: F. Prob: .0519
815,2017Ad_plus-F_827,LF,0.6698,F,0.3302,
816,2017Ad_plus-F_828,F,0.762,LF,0.2377,
817,2017Ad_plus-F_829,F,0.6901,LF,0.2954,3rd: S. Prob: .0145
818,2017Ad_plus-F_830,F,0.9992,,0,
172,2017Ad_plus-F_831,F,1,,0,
819,2017Ad_plus-F_832,F,0.9092,LF,0.0667,3rd: S. Prob: .024
820,2017Ad_plus-F_833,F,0.9986,,0,
821,2017Ad_plus-F_834,LF,0.9523,F,0.0477,
173,2017Ad_plus-F_835,F,1,,0,
822,2017Ad_plus-F_836,F,0.9833,LF,0.0167,
242,2017Ad_plus-F_837,F,0.9999,,0,
823,2017Ad_plus-F_838,S,0.9582,F,0.041,
824,2017Ad_plus-F_839,F,0.9996,,0,
1181,2017Ad_plus-F_840,F,0.9992,,0,
825,2017Ad_plus-F_841,F,0.922,LF,0.078,
243,2017Ad_plus-F_842,F,0.9999,,0,
1182,2017Ad_plus-F_843,F,0.9958,,0,
826,2017Ad_plus-F_848,F,0.9987,,0,
827,2017Ad_plus-F_849,F,0.9996,,0,
828,2017Ad_plus-F_850,F,0.9985,,0,
829,2017Ad_plus-F_851,F,0.5065,LF,0.4933,
830,2017Ad_plus-F_852,F,0.9572,LF,0.0428,
174,2017Ad_plus-F_853,F,1,,0,
831,2017Ad_plus-F_854,F,0.999,,0,
832,2017Ad_plus-F_855,LF,0.7527,F,0.247,
175,2017Ad_plus-F_856,F,1,,0,
244,2017Ad_plus-F_857,F,0.9999,,0,
833,2017Ad_plus-F_858,F,0.9865,LF,0.0135,
1183,2017Ad_plus-F_859,F,0.9772,LF,0.0227,
834,2017Ad_plus-F_860,F,0.9988,,0,
835,2017Ad_plus-F_861,F,0.9299,LF,0.0701,
836,2017Ad_plus-F_862,F,0.9995,,0,
837,2017Ad_plus-F_863,F,0.9749,LF,0.0251,
838,2017Ad_plus-F_864,F,0.9527,LF,0.0473,
839,2017Ad_plus-F_865,F,0.9272,S,0.0728,
840,2017Ad_plus-F_866,F,0.9993,,0,
841,2017Ad_plus-F_867,F,0.9994,,0,
842,2017Ad_plus-F_868,F,0.9991,,0,
319,2017Ad_plus-F_869,F,0.9997,,0,
843,2017Ad_plus-F_870,F,0.9907,,0,
245,2017Ad_plus-F_871,F,0.9999,,0,
176,2017Ad_plus-F_872,F,1,,0,
844,2017Ad_plus-F_873,F,0.9299,LF,0.0701,
845,2017Ad_plus-F_874,F,0.9089,S,0.091,
846,2017Ad_plus-F_875,F,0.9959,,0,
177,2017Ad_plus-F_876,F,1,,0,
288,2017Ad_plus-F_877,F,0.9998,,0,
847,2017Ad_plus-F_878,F,0.9648,LF,0.0352,
848,2017Ad_plus-F_879,F,0.9994,,0,
289,2017Ad_plus-F_880,F,0.9998,,0,
849,2017Ad_plus-F_881,F,0.9804,LF,0.0194,
178,2017Ad_plus-F_882,F,1,,0,
1221,2017Ad_plus-F_883,S,0.6566,LF,0.26618,3rd: F. Prob: .0816
850,2017Ad_plus-F_884,S,0.833,LF,0.1308,3rd: F. Prob: .0363
851,2017Ad_plus-F_885,F,0.993,,0,
852,2017Ad_plus-F_886,F,0.95,LF,0.05,
246,2017Ad_plus-F_887,F,0.9999,,0,
853,2017Ad_plus-F_888,F,0.9842,LF,0.0158,
247,2017Ad_plus-F_889,F,0.9999,,0,
854,2017Ad_plus-F_890,F,0.9986,,0,
320,2017Ad_plus-F_891,F,0.9997,,0,
855,2017Ad_plus-F_892,F,0.9967,,0,
179,2017Ad_plus-F_893,F,1,,0,
856,2017Ad_plus-F_894,F,0.9988,,0,
321,2017Ad_plus-F_895,F,0.9997,,0,
857,2017Ad_plus-F_896,F,0.9897,LF,0.0103,
858,2017Ad_plus-F_897,F,0.9586,LF,0.0414,
180,2017Ad_plus-F_898,F,1,,0,
1184,2017Ad_plus-S_001,F,0.9991,,0,
1213,2017Ad_plus-S_002,LF,0.543,F,0.457,
1185,2017Ad_plus-S_003,F,0.9712,S,0.0286,
1186,2017Ad_plus-S_004,F,0.7134,LF,0.2857,
1187,2017Ad_plus-S_005,F,0.8847,S,0.1129,
1188,2017Ad_plus-S_006,F,1,,0,
1189,2017Ad_plus-S_007,F,0.9995,,0,
1222,2017Ad_plus-S_008,S,0.9986,,0,
1190,2017Ad_plus-S_009,F,0.9978,,0,
1191,2017Ad_plus-S_010,F,0.9865,S,0.0135,
1192,2017Ad_plus-S_011,F,0.9868,S,0.0071,
1193,2017Ad_plus-S_012,F,0.9954,,0,
805,2017Ad_plus-S_013,F,0.9888,LF,0.0112,
1214,2017Ad_plus-S_014,LF,0.9358,F,0.0642,
1194,2017Ad_plus-S_015,F,0.9997,,0,
1195,2017Ad_plus-S_016,F,1,,0,
1196,2017Ad_plus-S_017,F,0.998,,0,
1215,2017Ad_plus-S_018,LF,0.9865,F,0.0134,
1197,2017Ad_plus-S_019,F,1,,0,
1216,2017Ad_plus-S_020,LF,0.5008,F,0.4978,
1198,2017Ad_plus-S_021,F,1,,0,
1199,2017Ad_plus-S_022,F,0.9892,LF,0.0098,
1200,2017Ad_plus-S_023,F,0.9716,S,0.0272,
1201,2017Ad_plus-S_024,F,0.9643,LF,0.0356,
1223,2017Ad_plus-S_025,W,1,,0,
1202,2017Ad_plus-S_026,F,0.9714,LF,0.0254,
1203,2017Ad_plus-S_027,F,0.9979,,0,
976,2017Ad_plus-S_028,F,0.9994,,0,
977,2017Ad_plus-S_029,LF,0.7812,F,0.2172,
978,2017Ad_plus-S_030,F,0.9951,,0,
979,2017Ad_plus-S_033,F,0.9996,,0,
980,2017Ad_plus-S_034,LF,0.9454,F,0.0546,
981,2017Ad_plus-S_035,LF,0.9714,F,0.0286,
982,2017Ad_plus-S_036,F,0.9893,LF,0.0107,
983,2017Ad_plus-S_037,F,0.5935,LF,0.4065,
984,2017Ad_plus-S_038,F,0.9999,,0,
985,2017Ad_plus-S_039,F,0.924,LF,0.076,
986,2017Ad_plus-S_040,LF,0.8348,F,0.1652,
987,2017Ad_plus-S_041,LF,0.5221,F,0.4779,
988,2017Ad_plus-S_042,F,0.9939,,0,
989,2017Ad_plus-S_043,F,0.9981,,0,
990,2017Ad_plus-S_044,F,0.8691,LF,0.1309,
991,2017Ad_plus-S_045,F,0.999,,0,
992,2017Ad_plus-S_046,F,1,,0,
993,2017Ad_plus-S_047,F,0.9994,,0,
994,2017Ad_plus-S_048,F,0.9992,,0,
995,2017Ad_plus-S_049,F,0.9952,,0,
996,2017Ad_plus-S_050,F,0.9995,,0,
997,2017Ad_plus-S_051,F,0.9999,,0,
998,2017Ad_plus-S_052,F,1,,0,
999,2017Ad_plus-S_053,F,0.9939,,0,
1000,2017Ad_plus-S_054,F,0.9999,,0,
1001,2017Ad_plus-S_055,F,1,,0,
1002,2017Ad_plus-S_056,LF,0.5319,F,0.4681,
1003,2017Ad_plus-S_057,F,0.9994,,0,
1004,2017Ad_plus-S_058,F,0.9876,LF,0.0124,
1005,2017Ad_plus-S_059,F,0.9976,,0,
1006,2017Ad_plus-S_060,F,0.9997,,0,
1007,2017Ad_plus-S_061,F,1,,0,
1008,2017Ad_plus-S_062,F,0.7003,LF,0.2997,
1009,2017Ad_plus-S_063,F,1,,0,
1010,2017Ad_plus-S_064,F,0.9754,LF,0.0246,
1011,2017Ad_plus-S_065,F,0.9998,,0,
1012,2017Ad_plus-S_066,F,0.7957,LF,0.2043,
1013,2017Ad_plus-S_067,F,1,,0,
1014,2017Ad_plus-S_068,F,1,,0,
1015,2017Ad_plus-S_069,LF,0.624,F,0.3759,
1016,2017Ad_plus-S_070,F,0.5471,S,0.4482,
1017,2017Ad_plus-S_071,F,0.9883,LF,0.0116,
1018,2017Ad_plus-S_072,F,0.9752,LF,0.0248,
1019,2017Ad_plus-S_073,F,0.84,LF,0.1585,
1020,2017Ad_plus-S_074,F,0.9995,,0,
1021,2017Ad_plus-S_075,F,0.9994,,0,
1022,2017Ad_plus-S_076,F,0.9999,,0,
1023,2017Ad_plus-S_077,F,0.9832,,0,
1024,2017Ad_plus-S_078,F,1,,0,
1025,2017Ad_plus-S_079,F,0.999,,0,
1026,2017Ad_plus-S_080,LF,0.6019,F,0.3981,
1027,2017Ad_plus-S_081,F,0.9983,,0,
1028,2017Ad_plus-S_082,F,0.9989,,0,
1029,2017Ad_plus-S_083,LF,0.625,F,0.3747,
1030,2017Ad_plus-S_084,F,1,,0,
1031,2017Ad_plus-S_085,F,0.9967,,0,
1032,2017Ad_plus-S_086,F,0.9957,,0,
1033,2017Ad_plus-S_087,F,0.6167,LF,0.3804,
1034,2017Ad_plus-S_088,F,0.9994,,0,
1035,2017Ad_plus-S_089,F,0.9807,LF,0.019,
1036,2017Ad_plus-S_090,F,0.8127,LF,0.1872,
1037,2017Ad_plus-S_091,F,0.9999,,0,
1038,2017Ad_plus-S_092,F,0.9995,,0,
1039,2017Ad_plus-S_093,F,0.9995,,0,
1040,2017Ad_plus-S_094,LF,0.6182,F,0.3818,
1041,2017Ad_plus-S_095,F,0.5143,LF,0.4857,
1042,2017Ad_plus-S_096,F,0.9616,LF,0.0384,
1043,2017Ad_plus-S_097,F,0.7753,LF,0.2247,
1044,2017Ad_plus-S_098,F,1,,0,
1045,2017Ad_plus-S_099,F,0.9992,,0,
1046,2017Ad_plus-S_100,F,0.9999,,0,
1047,2017Ad_plus-S_101,F,1,,0,
1048,2017Ad_plus-S_102,F,0.9966,,0,
1049,2017Ad_plus-S_103,F,0.9946,,0,
1050,2017Ad_plus-S_104,F,0.9833,LF,0.0167,
1051,2017Ad_plus-S_105,F,0.9995,,0,
1052,2017Ad_plus-S_106,F,0.9743,S,0.0152,3rd: LF. Prob: .0106
1053,2017Ad_plus-S_107,F,0.8499,LF,0.1501,
1054,2017Ad_plus-S_108,F,0.9898,LF,0.0102,
1055,2017Ad_plus-S_109,F,0.9984,,0,
1056,2017Ad_plus-S_110,F,0.9861,LF,0.0139,
1057,2017Ad_plus-S_116,F,0.633,LF,0.367,
1058,2017Ad_plus-S_117,F,1,,,
1059,2017Ad_plus-S_118,F,0.9999,,,
1060,2017Ad_plus-S_119,F,1,,,
1061,2017Ad_plus-S_120,F,1,,,
1062,2017Ad_plus-S_121,F,0.9706,LF,0.0294,
1063,2017Ad_plus-S_122,F,0.8794,LF,0.1206,
1064,2017Ad_plus-S_123,F,0.9814,LF,0.0186,
1065,2017Ad_plus-S_124,F,1,,,
1066,2017Ad_plus-S_125,LF,0.9604,F,0.0396,
1067,2017Ad_plus-S_126,F,0.6399,LF,0.3601,
1068,2017Ad_plus-S_127,F,0.9676,LF,0.0323,
181,2017Ad_plus-S_128,F,1,,0,
248,2017Ad_plus-S_129,F,0.9999,,0,
182,2017Ad_plus-S_130,F,1,,0,
859,2017Ad_plus-S_131,F,0.9406,LF,0.0594,
860,2017Ad_plus-S_132,LF,0.8681,F,0.1319,
861,2017Ad_plus-S_133,F,0.8914,LF,0.1086,
183,2017Ad_plus-S_134,F,1,,0,
184,2017Ad_plus-S_135,F,1,,0,
249,2017Ad_plus-S_136,F,0.9999,,0,
862,2017Ad_plus-S_137,F,0.9861,S,0.0123,
863,2017Ad_plus-S_138,F,0.9962,,0,
864,2017Ad_plus-S_139,F,0.9817,LF,0.0183,
250,2017Ad_plus-S_140,F,0.9999,,0,
185,2017Ad_plus-S_141,F,1,,0,
865,2017Ad_plus-S_142,F,0.9993,,0,
866,2017Ad_plus-S_143,F,0.8318,LF,0.1681,
867,2017Ad_plus-S_144,F,0.7383,LF,0.2587,
868,2017Ad_plus-S_145,F,0.9984,,0,
1084,2017Ad_plus-S_166,F,0.9993,,0,
1085,2017Ad_plus-S_167,S,1,,0,
1086,2017Ad_plus-S_168,F,0.9316,LF,0.0684,
1087,2017Ad_plus-S_169,F,0.9831,LF,0.0169,
869,2017Ad_plus-S_170,F,0.981,S,0.0178,
870,2017Ad_plus-S_171,F,0.981,S,0.0178,
871,2017Ad_plus-S_172,F,0.9994,,0,
872,2017Ad_plus-S_173,F,0.9955,,0,
1224,2017Ad_plus-W_001,W,1,,0,
1225,2017Ad_plus-W_002,W,1,,0,
1226,2017Ad_plus-W_003,W,1,,0,
1227,2017Ad_plus-W_004,W,1,,0,
1069,2017Ad_plus-W_005,F,1,,0,
1070,2017Ad_plus-W_006,F,0.9965,,0,
1071,2017Ad_plus-W_007,F,0.9556,S,0.0425,
1072,2017Ad_plus-W_008,F,1,,0,
1073,2017Ad_plus-W_009,F,0.9984,,0,
1074,2017Ad_plus-W_010,F,1,,0,
1075,2017Ad_plus-W_011,F,0.9963,,0,
1298,2017CHNA032,LF,0.524,F,0.476,
1379,2018ACHN003,F,0.983,LF,0.017,
1374,2018ACHN010,F,0.9984,,0,
1427,2018ACHN013,LF,0.6774,F,0.3211,
1409,2018ACHN015,F,1,,0,
1389,2018ACHN020,F,1,,0,
1397,2018ACHN021,F,0.9616,LF,0.0384,
1402,2018ACHN022,F,0.9917,,0,
1819,2018ACHN028,F,0.8977,LF,0.1022,
1820,2018ACHN037,F,0.9976,,0,
1821,2018ACHN103,F,0.9997,,0,
1822,2018ACHN104,LF,0.795,F,0.1803,3rd Spring 0.0248
1823,2018ACHN105,F,0.9994,,0,
1824,2018ACHN106,F,0.9727,LF,0.0273,
1825,2018ACHN107,F,0.9891,LF,0.0109,
1826,2018ACHN108,F,0.8797,LF,0.1189,
1827,2018ACHN109,F,1,,0,
1828,2018ACHN110,F,0.965,LF,0.035,
1829,2018ACHN111,F,0.9971,,0,
1830,2018ACHN112,F,0.5099,LF,0.4901,
1831,2018ACHN113,F,1,,0,
1832,2018ACHN114,F,0.9971,,0,
1833,2018ACHN115,LF,0.5658,F,0.4342,
1834,2018ACHN117,F,0.9828,LF,0.0172,
1835,2018ACHN118,F,1,,0,
1243,2018Ad_min-S_001,F,1,,0,
1244,2018Ad_min-S_002,W,1,,0,
1245,2018Ad_min-S_003,W,1,,0,
1246,2018Ad_min-S_004,W,1,,0,
1247,2018Ad_min-S_005,LF,0.8536,F,0.1464,
1248,2018Ad_plus-F_001,F,0.9997,,0,
1249,2018Ad_plus-F_002,F,0.9945,,0,
1250,2018Ad_plus-F_003,F,0.9954,,0,
1251,2018Ad_plus-F_004,F,1,,0,
1252,2018Ad_plus-F_005,F,1,,0,
1253,2018Ad_plus-F_006,F,0.9999,,0,
1254,2018Ad_plus-F_007,F,0.9997,,0,
1255,2018Ad_plus-F_008,F,0.9766,LF,0.0234,
1256,2018Ad_plus-F_009,F,0.9996,,0,
1257,2018Ad_plus-F_010,F,0.9952,,0,
1258,2018Ad_plus-F_011,F,0.9071,LF,0.0929,
1259,2018Ad_plus-F_012,F,0.9614,LF,0.0386,
1260,2018Ad_plus-F_013,F,0.9986,,,
1261,2018Ad_plus-F_014,F,0.9981,,0,
1262,2018Ad_plus-F_015,F,0.9168,LF,0.0832,
1263,2018Ad_plus-F_016,F,0.7673,LF,0.2327,
1264,2018Ad_plus-F_017,LF,0.9538,F,0.0462,
1265,2018Ad_plus-F_018,F,0.9987,,0,
1266,2018Ad_plus-F_019,F,0.9992,,0,
1290,2018Ad_plus-F_020,F,0,,0,CODEUNK
1267,2018Ad_plus-F_021,F,0.8219,LF,0.1781,
1268,2018Ad_plus-F_022,F,0.9889,LF,0.0111,
1269,2018Ad_plus-F_023,F,0.9999,,0,
1270,2018Ad_plus-F_024,F,0.9999,,0,
1271,2018Ad_plus-F_025,F,0.6062,LF,0.3938,
1272,2018Ad_plus-F_026,F,0.9999,,0,
1273,2018Ad_plus-F_027,F,0.9638,LF,0.0362,
1274,2018Ad_plus-F_028,F,1,,0,
1275,2018Ad_plus-F_029,F,0.9984,,0,
1276,2018Ad_plus-F_030,F,0.9557,LF,0.0443,
1277,2018Ad_plus-F_031,F,0.9377,LF,0.0623,
1278,2018Ad_plus-F_032,F,0.9947,,0,
1279,2018Ad_plus-F_033,F,0.9979,,0,
1280,2018Ad_plus-F_034,LF,0.642,F,0.358,
1281,2018Ad_plus-F_035,F,0.9995,,0,
1282,2018Ad_plus-S_001,F,1,,0,
1283,2018Ad_plus-S_002,F,1,,0,
1284,2018Ad_plus-S_003,F,0.9873,LF,0.0127,
1285,2018Ad_plus-S_004,F,0.9738,LF,0.0262,
1286,2018Ad_plus-S_005,F,0.986,LF,0.014,
1287,2018Ad_plus-S_006,F,1,,0,
1288,2018Ad_plus-S_007,F,0.9998,,0,
1289,2018Ad_plus-S_008,F,0.9994,,0,
2273,2019_ACHN_001,S,1,,0,
2275,2019_ACHN_002,F,1,,0,
2020,2019_ACHN_008,F,0.9972,,0,
2021,2019_ACHN_012,F,0.9987,,0,
2022,2019_ACHN_022,F,0.9982,,0,
2023,2019_ACHN_023,F,0.9554,S,0.0386,Spring run from Deer Creek
2024,2019_ACHN_103,F,0.9998,,0,
2296,2019_ACHN_105,F,1,,0,
2297,2019_ACHN_106,F,1,,0,
2298,2019_ACHN_107,F,1,,0,
1761,2019Ad_plus-F_001,F,0.9995,,0,
1762,2019Ad_plus-F_002,F,0.9961,,0,
1763,2019Ad_plus-F_003,F,0.9602,LF,0.0397,
1764,2019Ad_plus-F_004,F,0.9844,LF,0.0156,
1765,2019Ad_plus-F_005,F,0.9365,LF,0.0635,
1766,2019Ad_plus-F_006,F,0.9932,,0,
1767,2019Ad_plus-F_007,F,0.8038,LF,0.1962,
1768,2019Ad_plus-F_008,F,0.8809,S,0.1189,
1769,2019Ad_plus-F_009,F,1,,0,
1770,2019Ad_plus-F_010,F,0.9917,,0,
1771,2019Ad_plus-F_011,F,0.9827,LF,0.0173,
1772,2019Ad_plus-F_012,F,0.9997,,0,
1773,2019Ad_plus-F_013,F,0.9996,,0,
1774,2019Ad_plus-F_014,F,0.9957,,0,
1775,2019Ad_plus-F_015,F,0.8983,LF,0.1017,
1776,2019Ad_plus-F_017,F,0.9999,,0,
1777,2019Ad_plus-F_018,F,1,,0,
1778,2019Ad_plus-F_019,F,0.9999,,0,
1779,2019Ad_plus-F_020,S,0.6125,F,0.3815,
1780,2019Ad_plus-F_021,F,0.9997,,0,
1781,2019Ad_plus-F_022,LF,0.9413,F,0.0587,
1782,2019Ad_plus-F_023,LF,0.9467,F,0.0533,
1783,2019Ad_plus-F_024,LF,0.999,,0,
1784,2019Ad_plus-F_025,F,0.9709,LF,0.0291,
1785,2019Ad_plus-F_026,LF,0.9549,F,0.0451,
1786,2019Ad_plus-F_027,F,0.5499,LF,0.45,
1787,2019Ad_plus-F_028,LF,0.9963,,0,
1788,2019Ad_plus-F_029,F,0.9971,,0,
1789,2019Ad_plus-F_030,LF,0.6711,F,0.3289,
1790,2019Ad_plus-F_031,F,0.5668,LF,0.4308,
2026,2019Ad_plus-F_032,F,0.8583,LF,0.1417,
1791,2019Ad_plus-F_033,F,0.9931,,0,
1792,2019Ad_plus-F_034,F,0.9998,,0,
1793,2019Ad_plus-F_035,LF,0.8996,F,0.1004,
1794,2019Ad_plus-F_036,F,0.9999,,0,
1795,2019Ad_plus-F_037,F,0.9996,,0,
1796,2019Ad_plus-F_038,F,0.5499,S,0.2558,3rd prob LF 0.1942
1797,2019Ad_plus-F_039,F,0.9129,LF,0.0871,
1798,2019Ad_plus-F_040,F,1,,0,
1799,2019Ad_plus-F_041,F,0.9999,,0,
1800,2019Ad_plus-F_042,F,0.8614,LF,0.1386,
1801,2019Ad_plus-F_043,F,0.9994,,0,
1802,2019Ad_plus-F_044,F,0.9986,,0,
1803,2019Ad_plus-F_045,F,1,,0,
1804,2019Ad_plus-F_046,F,0.9994,,0,
1805,2019Ad_plus-F_047,F,0.9912,,0,
1806,2019Ad_plus-F_048,F,0.9506,LF,0.0494,
1807,2019Ad_plus-F_049,F,0.9998,,0,
1808,2019Ad_plus-F_050,F,0.9984,,0,
1809,2019Ad_plus-F_051,F,0.9999,,0,
1810,2019Ad_plus-F_052,F,0.9999,,0,
1811,2019Ad_plus-F_053,F,0.9409,LF,0.0591,
1812,2019Ad_plus-F_054,F,0.9851,LF,0.0149,
1813,2019Ad_plus-F_055,F,0.8297,LF,0.1703,
1814,2019Ad_plus-F_056,F,0.9999,,0,
1815,2019Ad_plus-F_057,F,0.9943,,0,
1816,2019Ad_plus-F_058,F,0.5015,LF,0.4984,
1817,2019Ad_plus-F_059,S,1,,0,
2027,2019Ad_plus-F_060,F,0.7145,LF,0.2855,
2028,2019Ad_plus-F_061,LF,0.9442,F,0.0558,
2029,2019Ad_plus-F_062,F,0.9996,,0,
2030,2019Ad_plus-F_063,F,0.9999,,0,
2031,2019Ad_plus-F_064,F,0.97,LF,0.03,
2032,2019Ad_plus-F_065,F,0.9988,,0,
2033,2019Ad_plus-F_066,F,0.9999,,0,
2034,2019Ad_plus-F_067,F,0.832,LF,0.168,
2035,2019Ad_plus-F_068,F,0.9992,,0,
2036,2019Ad_plus-F_069,LF,0.9833,F,0.0167,
2037,2019Ad_plus-F_070,F,0.9946,,0,
2038,2019Ad_plus-F_071,F,1,,0,
2039,2019Ad_plus-F_072,F,0.964,LF,0.036,
2040,2019Ad_plus-F_073,F,0.9992,,0,
2041,2019Ad_plus-F_074,LF,0.7537,F,0.2463,
2042,2019Ad_plus-F_075,F,0.7508,LF,0.2492,
2043,2019Ad_plus-F_076,F,0.9965,,0,
2044,2019Ad_plus-F_077,F,0.9995,,0,
2045,2019Ad_plus-F_078,F,0.7868,LF,0.2132,
2046,2019Ad_plus-F_079,LF,0.9484,F,0.0516,
2047,2019Ad_plus-F_080,F,0.9999,,0,
2048,2019Ad_plus-F_081,F,0.9929,,0,
2049,2019Ad_plus-F_082,LF,0.9897,F,0.0103,
2050,2019Ad_plus-F_083,F,0.9989,,0,
2051,2019Ad_plus-F_084,F,0.9999,,0,
2052,2019Ad_plus-F_085,F,0.9944,,0,
2053,2019Ad_plus-F_086,F,0.9981,,0,
2054,2019Ad_plus-F_087,F,1,,0,
2055,2019Ad_plus-F_088,F,1,,0,
2056,2019Ad_plus-F_089,F,0.9747,S,0.0198,Spring run from Deer Creek
2057,2019Ad_plus-F_090,LF,0.8754,F,0.1246,
2058,2019Ad_plus-F_091,F,0.9973,,0,
2059,2019Ad_plus-F_092,F,0.9997,,0,
2060,2019Ad_plus-F_093,F,0.9999,,0,
2061,2019Ad_plus-F_094,F,0.8998,LF,0.1002,
1879,2019Ad_plus-F_095,F,0.994,,0,
1921,2019Ad_plus-F_096,LF,0.9708,F,0.0292,
1934,2019Ad_plus-F_097,F,0.9547,LF,0.0453,
1918,2019Ad_plus-F_098,F,0.9727,LF,0.0273,
2017,2019Ad_plus-F_099,F,0.5234,LF,0.4765,
1971,2019Ad_plus-F_100,LF,0.8325,F,0.1675,
1933,2019Ad_plus-F_101,F,0.9574,LF,0.0426,
1981,2019Ad_plus-F_102,LF,0.7732,F,0.2268,
1940,2019Ad_plus-F_103,F,0.9445,LF,0.0555,
1997,2019Ad_plus-F_104,F,0.6632,LF,0.3368,
1985,2019Ad_plus-F_105,LF,0.7563,F,0.2437,
1947,2019Ad_plus-F_106,F,0.9362,LF,0.0638,
1965,2019Ad_plus-F_107,F,0.8692,LF,0.1307,
1885,2019Ad_plus-F_108,F,0.9916,,0,
1862,2019Ad_plus-F_109,LF,0.999,,0,
2008,2019Ad_plus-F_110,F,0.566,LF,0.434,
1973,2019Ad_plus-F_111,F,0.8204,LF,0.1796,
1893,2019Ad_plus-F_112,F,0.9887,LF,0.0113,
1942,2019Ad_plus-F_113,F,0.9437,LF,0.0563,
1959,2019Ad_plus-F_114,LF,0.8999,F,0.1001,
2082,2019Ad_plus-F_115,,0,,0,CODEUNK
2002,2019Ad_plus-F_116,LF,0.6191,S,0.2432,3rd: Fall - 0.1377
1988,2019Ad_plus-F_117,F,0.7285,LF,0.2715,
2005,2019Ad_plus-F_118,LF,0.6048,F,0.3952,
1975,2019Ad_plus-F_119,LF,0.8067,F,0.1933,
2010,2019Ad_plus-F_120,LF,0.5636,F,0.4361,
1855,2019Ad_plus-F_121,F,0.9995,,0,
1925,2019Ad_plus-F_122,F,0.9648,LF,0.0352,
2019,2019Ad_plus-F_123,LF,0.5083,F,0.4908,
1903,2019Ad_plus-F_124,LF,0.9845,F,0.0155,
1904,2019Ad_plus-F_125,F,0.984,LF,0.016,
1970,2019Ad_plus-F_126,LF,0.8365,F,0.1635,
1872,2019Ad_plus-F_127,F,0.9971,,0,
1889,2019Ad_plus-F_128,F,0.9908,,0,
2014,2019Ad_plus-F_129,LF,0.5455,F,0.4545,
1986,2019Ad_plus-F_130,F,0.7438,LF,0.2562,
1901,2019Ad_plus-F_131,LF,0.9847,F,0.0127,
1953,2019Ad_plus-F_132,F,0.9139,LF,0.086,
1896,2019Ad_plus-F_133,LF,0.9879,F,0.0115,
1939,2019Ad_plus-F_134,F,0.9497,LF,0.0503,
1960,2019Ad_plus-F_135,F,0.8934,LF,0.1066,
1863,2019Ad_plus-F_136,F,0.999,,0,
1951,2019Ad_plus-F_137,F,0.923,LF,0.077,
1905,2019Ad_plus-F_138,F,0.9831,LF,0.0169,
1957,2019Ad_plus-F_139,F,0.9,LF,0.1,
2016,2019Ad_plus-F_140,LF,0.5246,F,0.4754,
1922,2019Ad_plus-F_141,F,0.9683,LF,0.0316,
1881,2019Ad_plus-F_142,F,0.9933,,0,
1968,2019Ad_plus-F_143,LF,0.8467,F,0.1525,
1969,2019Ad_plus-F_144,F,0.8381,LF,0.1619,
2015,2019Ad_plus-F_145,F,0.5417,LF,0.4583,
1906,2019Ad_plus-F_146,F,0.9819,LF,0.0181,
1931,2019Ad_plus-F_147,F,0.9584,LF,0.0416,
1860,2019Ad_plus-F_148,F,0.9991,,0,
1956,2019Ad_plus-F_149,F,0.9042,LF,0.0958,
1836,2019Ad_plus-F_150,F,1,,0,
1865,2019Ad_plus-F_151,F,0.9985,,0,
1876,2019Ad_plus-F_152,F,0.9964,,0,
1943,2019Ad_plus-F_153,F,0.9398,LF,0.0601,
1977,2019Ad_plus-F_154,F,0.8021,LF,0.1978,
1837,2019Ad_plus-F_155,F,1,,0,
1950,2019Ad_plus-F_156,F,0.925,LF,0.0691,
2000,2019Ad_plus-F_157,LF,0.6421,F,0.3579,
1991,2019Ad_plus-F_158,F,0.6896,LF,0.3104,
1898,2019Ad_plus-F_159,F,0.9874,LF,0.0126,
1967,2019Ad_plus-F_160,F,0.8589,LF,0.1411,
1861,2019Ad_plus-F_161,F,0.9991,,0,
1987,2019Ad_plus-F_162,LF,0.742,F,0.258,
1849,2019Ad_plus-F_163,F,0.9998,,0,
1994,2019Ad_plus-F_164,F,0.6835,LF,0.3165,
1902,2019Ad_plus-F_165,LF,0.9846,F,0.0154,
1990,2019Ad_plus-F_166,LF,0.7144,F,0.2856,
1978,2019Ad_plus-F_167,F,0.7869,LF,0.2131,
2012,2019Ad_plus-F_168,LF,0.5558,F,0.4442,
1935,2019Ad_plus-F_169,F,0.9537,LF,0.0463,
1982,2019Ad_plus-F_170,F,0.7672,S,0.2325,
1845,2019Ad_plus-F_171,F,0.9999,,0,
1926,2019Ad_plus-F_172,F,0.9646,LF,0.0354,
1929,2019Ad_plus-F_173,F,0.9629,LF,0.0371,
1923,2019Ad_plus-F_174,F,0.9681,LF,0.0319,
2011,2019Ad_plus-F_175,LF,0.5593,F,0.4407,
1980,2019Ad_plus-F_176,F,0.7814,LF,0.2186,
1983,2019Ad_plus-F_177,F,0.7578,LF,0.2422,
2004,2019Ad_plus-F_178,LF,0.6122,F,0.3876,
1964,2019Ad_plus-F_179,F,0.8711,LF,0.1289,
1958,2019Ad_plus-F_180,LF,0.9,F,0.0947,
1873,2019Ad_plus-F_181,F,0.9969,,0,
1867,2019Ad_plus-F_182,F,0.9983,,0,
1993,2019Ad_plus-F_183,F,0.6844,LF,0.3156,
2003,2019Ad_plus-F_184,F,0.6173,LF,0.3817,
1838,2019Ad_plus-F_185,F,1,,0,
1941,2019Ad_plus-F_186,F,0.9445,LF,0.0555,
1952,2019Ad_plus-F_187,F,0.9208,LF,0.0792,
1974,2019Ad_plus-F_188,LF,0.8072,F,0.1928,
1846,2019Ad_plus-F_189,F,0.9999,,0,
1839,2019Ad_plus-F_190,F,1,,0,
1907,2019Ad_plus-F_191,F,0.9796,LF,0.0204,
2007,2019Ad_plus-F_192,F,0.5666,LF,0.4334,
1944,2019Ad_plus-F_193,F,0.9381,LF,0.0619,
1897,2019Ad_plus-F_194,F,0.9879,LF,0.0121,
1999,2019Ad_plus-F_195,F,0.6453,LF,0.3545,
1976,2019Ad_plus-F_196,LF,0.8025,F,0.1975,
1884,2019Ad_plus-F_197,F,0.9919,,0,
1900,2019Ad_plus-F_198,F,0.9857,LF,0.0143,
1917,2019Ad_plus-F_199,F,0.9732,LF,0.0268,
1919,2019Ad_plus-F_200,F,0.9727,LF,0.0273,
1995,2019Ad_plus-F_201,F,0.6834,LF,0.3163,
1961,2019Ad_plus-F_202,F,0.8913,LF,0.1087,
1914,2019Ad_plus-F_203,F,0.9738,LF,0.0262,
1924,2019Ad_plus-F_204,F,0.9681,LF,0.0319,
1938,2019Ad_plus-F_205,F,0.9516,LF,0.0466,
1840,2019Ad_plus-F_206,F,1,,0,
1859,2019Ad_plus-F_207,LF,0.9992,,0,
1915,2019Ad_plus-F_208,F,0.9738,LF,0.0262,
1841,2019Ad_plus-F_209,F,1,,0,
1930,2019Ad_plus-F_210,F,0.9592,LF,0.0373,
1891,2019Ad_plus-F_211,LF,0.9898,F,0.0102,
1899,2019Ad_plus-F_212,F,0.9859,LF,0.0141,
1966,2019Ad_plus-F_213,LF,0.8686,F,0.1314,
1984,2019Ad_plus-F_214,F,0.7565,LF,0.2435,
1979,2019Ad_plus-F_215,F,0.7828,S,0.2159,
1886,2019Ad_plus-F_216,F,0.9911,,0,
1916,2019Ad_plus-F_217,F,0.9737,LF,0.0263,
1887,2019Ad_plus-F_218,F,0.9911,,0,
1927,2019Ad_plus-F_219,LF,0.9639,F,0.0361,
1963,2019Ad_plus-F_220,F,0.8745,LF,0.1255,
1883,2019Ad_plus-F_221,F,0.9926,,0,
1892,2019Ad_plus-F_222,F,0.9894,S,0.0105,
2006,2019Ad_plus-F_223,LF,0.5778,F,0.422,
1989,2019Ad_plus-F_224,F,0.7254,LF,0.2746,
1851,2019Ad_plus-F_225,F,0.9996,,0,
1890,2019Ad_plus-F_226,F,0.9903,,0,
2083,2019Ad_plus-F_227,,0,,0,CODEUNK
1866,2019Ad_plus-F_228,F,0.9984,,0,
1857,2019Ad_plus-F_229,F,0.9994,,0,
1949,2019Ad_plus-F_230,LF,0.9293,F,0.0707,
1868,2019Ad_plus-F_231,F,0.9982,,0,
1928,2019Ad_plus-F_232,F,0.9639,LF,0.0361,
1955,2019Ad_plus-F_233,F,0.9083,LF,0.0917,
1842,2019Ad_plus-F_234,F,1,,0,
1871,2019Ad_plus-F_236,F,0.9975,,0,
1912,2019Ad_plus-F_237,F,0.9753,S,0.0195,
1852,2019Ad_plus-F_238,F,0.9996,,0,
1972,2019Ad_plus-F_239,F,0.8272,LF,0.1728,
1998,2019Ad_plus-F_240,F,0.6496,LF,0.3504,
1962,2019Ad_plus-F_241,F,0.8842,LF,0.1155,
1870,2019Ad_plus-F_242,F,0.9979,,0,
1992,2019Ad_plus-F_243,F,0.6879,LF,0.3121,
1864,2019Ad_plus-F_244,F,0.9988,,0,
1874,2019Ad_plus-F_245,F,0.9968,,0,
1948,2019Ad_plus-F_246,F,0.9354,LF,0.0646,
1853,2019Ad_plus-F_247,F,0.9996,,0,
1996,2019Ad_plus-F_248,LF,0.6773,F,0.3227,
1856,2019Ad_plus-F_249,F,0.9995,,0,
1847,2019Ad_plus-F_250,F,0.9999,,0,
1945,2019Ad_plus-F_251,LF,0.9366,F,0.0634,
1854,2019Ad_plus-F_252,F,0.9996,,0,
1882,2019Ad_plus-F_253,F,0.993,,0,
1880,2019Ad_plus-F_254,F,0.9939,,0,
1858,2019Ad_plus-F_255,F,0.9994,,0,
1869,2019Ad_plus-F_256,F,0.9982,,0,
1913,2019Ad_plus-F_257,F,0.9744,LF,0.0256,
1954,2019Ad_plus-F_258,LF,0.9126,F,0.0874,
2009,2019Ad_plus-F_259,F,0.5647,LF,0.4352,
1910,2019Ad_plus-F_260,LF,0.9767,F,0.0233,
2084,2019Ad_plus-F_261,,0,,0,CODEUNK
1937,2019Ad_plus-F_262,F,0.953,LF,0.047,
1843,2019Ad_plus-F_263,F,1,,0,
1894,2019Ad_plus-F_264,F,0.9883,LF,0.0117,
1908,2019Ad_plus-F_265,F,0.9784,LF,0.0216,
1909,2019Ad_plus-F_266,F,0.977,LF,0.023,
1911,2019Ad_plus-F_267,F,0.9765,LF,0.0235,
1877,2019Ad_plus-F_268,F,0.9964,,0,
1850,2019Ad_plus-F_269,F,0.9998,,0,
1920,2019Ad_plus-F_270,LF,0.9714,F,0.0286,
2013,2019Ad_plus-F_271,F,0.5487,LF,0.4513,
2018,2019Ad_plus-F_272,F,0.5165,LF,0.4833,
1936,2019Ad_plus-F_273,S,0.9533,F,0.0466,
1946,2019Ad_plus-F_274,F,0.9366,LF,0.0634,
1888,2019Ad_plus-F_275,F,0.991,,0,
2001,2019Ad_plus-F_276,LF,0.6317,F,0.3683,
1895,2019Ad_plus-F_277,F,0.988,LF,0.012,
1875,2019Ad_plus-F_278,F,0.9965,,0,
1844,2019Ad_plus-F_279,F,1,,0,
1932,2019Ad_plus-F_281,F,0.9578,LF,0.0422,
1878,2019Ad_plus-F_282,F,0.9948,,0,
1848,2019Ad_plus-F_283,F,0.9999,,0,
2062,2019Ad_plus-F_284,F,0.9989,,0,
2063,2019Ad_plus-F_285,F,0.9983,,0,
2064,2019Ad_plus-F_500,F,0.9947,,0,
2065,2019Ad_plus-F_501,F,0.9994,,0,
2066,2019Ad_plus-F_502,F,1,,0,
2067,2019Ad_plus-F_503,F,0.6043,LF,0.3957,
2068,2019Ad_plus-F_504,LF,0.9806,F,0.0194,
2069,2019Ad_plus-F_505,F,0.9998,,0,
2070,2019Ad_plus-F_506,F,0.9918,,0,
2071,2019Ad_plus-F_507,LF,0.9945,,0,
2072,2019Ad_plus-F_508,F,0.7736,LF,0.2264,
2073,2019Ad_plus-F_509,LF,0.8488,F,0.1512,
2074,2019Ad_plus-F_510,F,0.6096,LF,0.3904,
2075,2019Ad_plus-F_511,F,0.9785,LF,0.0215,
2076,2019Ad_plus-F_512,F,0.9999,,0,
2077,2019Ad_plus-F_513,F,1,,0,
2085,2019Ad_plus-S_001,S,1,,0,
2086,2019Ad_plus-S_002,F,0.8086,LF,0.1914,
2087,2019Ad_plus-S_003,F,1,,0,
2088,2019Ad_plus-S_004,F,1,,0,
2089,2019Ad_plus-S_005,F,0.9965,,0,
2090,2019Ad_plus-S_006,F,0.9892,LF,0.0108,
2091,2019Ad_plus-S_007,F,1,,0,
2092,2019Ad_plus-S_008,F,0.9187,LF,0.0812,
2093,2019Ad_plus-S_009,F,0.9946,,0,
2094,2019Ad_plus-S_010,F,0.8858,LF,0.0812,
2095,2019Ad_plus-S_011,F,0.8157,LF,0.1843,
2096,2019Ad_plus-S_012,F,0.9995,,0,
2097,2019Ad_plus-S_013,F,0.9964,,0,
2098,2019Ad_plus-S_014,F,0.5936,LF,0.4064,
2099,2019Ad_plus-S_015,F,0.9982,,0,
2100,2019Ad_plus-S_016,F,1,,0,
2101,2019Ad_plus-S_017,F,0.9915,,0,
2102,2019Ad_plus-S_018,F,1,,0,
2103,2019Ad_plus-S_019,F,0.998,,0,
2104,2019Ad_plus-S_020,F,0.9918,,0,
2105,2019Ad_plus-S_021,F,1,,0,
2106,2019Ad_plus-S_022,F,0.9999,,0,
2107,2019Ad_plus-S_023,S,1,,0,
2108,2019Ad_plus-S_024,F,0.9243,LF,0.0757,
2109,2019Ad_plus-S_025,F,0.5071,LF,0.4929,
2110,2019Ad_plus-S_026,S,0.6385,F,0.2857,
2111,2019Ad_plus-S_027,F,0.9991,,0,
2112,2019Ad_plus-S_028,F,1,,0,
2113,2019Ad_plus-S_029,F,0.9765,LF,0.0235,
2114,2019Ad_plus-S_030,F,0.9468,LF,0.0532,
2115,2019Ad_plus-S_031,F,0.996,,0,
2116,2019Ad_plus-S_032,F,0.9596,LF,0.0371,
2117,2019Ad_plus-S_033,F,1,,0,
2118,2019Ad_plus-S_034,F,0.9957,,0,
2119,2019Ad_plus-S_035,F,0.8743,LF,0.1219,
2120,2019Ad_plus-S_036,F,0.6357,LF,0.3643,
2121,2019Ad_plus-S_037,F,0.8881,LF,0.1119,
2122,2019Ad_plus-S_038,F,1,,0,
2123,2019Ad_plus-S_039,F,0.9994,,0,
2124,2019Ad_plus-S_040,F,1,,0,
2125,2019Ad_plus-S_041,F,0.8751,LF,0.1248,
2126,2019Ad_plus-S_042,F,0.8415,LF,0.1478,
2127,2019Ad_plus-S_043,F,1,,0,
2128,2019Ad_plus-S_044,LF,0.7671,F,0.2329,
2129,2019Ad_plus-S_045,F,0.9898,LF,0.0102,
2130,2019Ad_plus-S_046,F,0.9866,LF,0.0134,
2131,2019Ad_plus-S_047,F,0.9869,LF,0.0131,
2132,2019Ad_plus-S_048,F,1,,0,
2133,2019Ad_plus-S_049,F,0.9999,,0,
2134,2019Ad_plus-S_050,F,1,,0,
2135,2019Ad_plus-S_051,F,0.9999,,0,
2136,2019Ad_plus-S_052,F,1,,0,
2137,2019Ad_plus-S_053,F,1,,0,
1378,2019Ad_plus-S_054,F,1,,0,
1387,2019Ad_plus-S_055,F,0.9773,LF,0.0225,
2138,2019Ad_plus-S_056,LF,0.9882,F,0.0118,
2139,2019Ad_plus-S_057,F,0.9996,,0,
2140,2019Ad_plus-S_058,F,1,,0,
2141,2019Ad_plus-S_059,F,0.9986,,0,
2142,2019Ad_plus-S_060,F,0.5489,LF,0.4511,
2143,2019Ad_plus-S_061,F,1,,0,
1431,2019Ad_plus-S_062,LF,0.827,S,0.0925,Spring run from Deer Creek
2144,2019Ad_plus-S_064,F,0.998,,,
2145,2019Ad_plus-S_065,F,0.9999,,0,
2146,2019Ad_plus-S_066,F,0.7306,LF,0.2694,
2147,2019Ad_plus-S_067,F,1,,0,
2148,2019Ad_plus-S_068,F,0.8151,LF,0.1849,
2149,2019Ad_plus-S_069,LF,0.6,F,0.4,
2150,2019Ad_plus-S_070,LF,0.9706,F,0.0292,
2151,2019Ad_plus-S_071,F,0.9999,,0,
2152,2019Ad_plus-S_072,F,0.8266,LF,0.1734,
2153,2019Ad_plus-S_073,F,0.9998,,0,
2154,2019Ad_plus-S_074,,0,,0,CODEUNK
2155,2019Ad_plus-S_075,F,0.9999,,0,
2156,2019Ad_plus-S_076,F,0.9994,,0,
2157,2019Ad_plus-S_077,F,0.9998,,0,
2158,2019Ad_plus-S_078,F,0.9999,,0,
2159,2019Ad_plus-S_079,F,0.938,LF,0.062,
2160,2019Ad_plus-S_080,F,0.9943,,0,
2161,2019Ad_plus-S_081,F,0.9991,,0,
2162,2019Ad_plus-S_082,F,0.9956,,0,
2163,2019Ad_plus-S_083,F,0.9998,,0,
2164,2019Ad_plus-S_084,F,0.8896,LF,0.1104,
2165,2019Ad_plus-S_085,F,1,,0,
2166,2019Ad_plus-S_086,F,1,,0,
2167,2019Ad_plus-S_087,F,0.9595,LF,0.0405,
2168,2019Ad_plus-S_088,F,0.9999,,0,
2169,2019Ad_plus-S_089,F,0.9994,,0,
2170,2019Ad_plus-S_090,F,0.998,,0,
2171,2019Ad_plus-S_091,F,0.9176,LF,0.0824,
2172,2019Ad_plus-S_092,F,0.9943,,0,
2173,2019Ad_plus-S_093,F,0.9983,,0,
2174,2019Ad_plus-S_094,F,0.9993,,0,
2175,2019Ad_plus-S_095,F,0.9999,,0,
2176,2019Ad_plus-S_096,F,0.9961,,0,
2177,2019Ad_plus-S_097,F,0.9994,,0,
2178,2019Ad_plus-S_098,F,0.9994,,0,
2179,2019Ad_plus-S_099,F,0.8389,LF,0.1611,
2180,2019Ad_plus-S_100,F,0.9969,,0,
2181,2019Ad_plus-S_101,LF,0.7492,F,0.2504,
2182,2019Ad_plus-S_102,F,0.9976,,0,
2183,2019Ad_plus-S_103,S,1,,0,
2184,2019Ad_plus-S_104,LF,0.9072,F,0.0893,
2185,2019Ad_plus-S_105,LF,0.628,F,0.372,
2186,2019Ad_plus-S_106,F,1,,0,
2187,2019Ad_plus-S_107,F,0.995,,0,
2188,2019Ad_plus-S_108,F,0.738,LF,0.231,
2189,2019Ad_plus-S_109,F,0.9975,,0,
2190,2019Ad_plus-S_110,F,0.9999,,0,
2191,2019Ad_plus-S_111,F,0.999,,0,
2192,2019Ad_plus-S_112,F,0.9747,LF,0.0253,
2193,2019Ad_plus-S_113,F,0.9973,,0,
2194,2019Ad_plus-S_114,F,0.9996,,0,
2195,2019Ad_plus-S_115,F,0.7921,S,0.1092,
2196,2019Ad_plus-S_116,F,0.9994,,0,
2197,2019Ad_plus-S_117,F,0.9786,LF,0.0214,
2198,2019Ad_plus-S_118,F,0.98,LF,0.02,
2199,2019Ad_plus-S_119,LF,0.5563,F,0.4437,
2200,2019Ad_plus-S_120,F,0.9877,S,0.007,
2201,2019Ad_plus-S_121,LF,0.9966,,0,
2202,2019Ad_plus-S_122,S,1,,0,
2203,2019Ad_plus-S_123,F,0.9931,,0,
2204,2019Ad_plus-S_124,S,0.9998,,0,
2205,2019Ad_plus-S_125,F,0.9962,,0,
2206,2019Ad_plus-S_126,F,0.9523,LF,0.0477,
2207,2019Ad_plus-S_127,F,0.8879,LF,0.112,
2208,2019Ad_plus-S_128,F,0.99,,0,
2209,2019Ad_plus-S_129,F,0.8632,S,0.1365,
2210,2019Ad_plus-S_130,F,0.9403,LF,0.0597,
2211,2019Ad_plus-S_131,LF,0.9654,F,0.0346,
2212,2019Ad_plus-S_132,F,1,,0,
2213,2019Ad_plus-S_133,F,0.9768,LF,0.0225,
2214,2019Ad_plus-S_134,F,1.9027,LF,0.0973,
2215,2019Ad_plus-S_135,F,0.9991,,0,
2216,2019Ad_plus-S_136,F,0.9999,,0,
2217,2019Ad_plus-S_137,F,0.9975,,0,
2218,2019Ad_plus-S_138,F,0.9996,,0,
2219,2019Ad_plus-S_139,F,0.9782,S,0.0194,
2220,2019Ad_plus-S_140,F,0.9497,LF,0.0503,
2221,2019Ad_plus-S_141,F,0.9999,,0,
2222,2019Ad_plus-S_142,F,0.9898,LF,0.0102,
2223,2019Ad_plus-S_143,F,0.9863,LF,0.0137,
2224,2019Ad_plus-S_144,F,1,,0,
2225,2019Ad_plus-S_145,F,0.8592,LF,0.1237,
2226,2019Ad_plus-S_146,F,0.9453,LF,0.0547,
2227,2019Ad_plus-S_147,F,1,,0,
2228,2019Ad_plus-S_148,F,1,,0,
2229,2019Ad_plus-S_149,F,0.9971,,0,
2230,2019Ad_plus-S_150,LF,0.8031,F,0.1969,
2231,2019Ad_plus-S_151,F,0.9652,LF,0.0348,
2232,2019Ad_plus-S_152,F,1,,0,
2233,2019Ad_plus-S_153,F,0.9996,,0,
2234,2019Ad_plus-S_154,F,0.9997,,0,
2235,2019Ad_plus-S_155,F,0.9997,,0,
2236,2019Ad_plus-S_156,F,1,,0,
2237,2019Ad_plus-S_157,F,1,,0,
2238,2019Ad_plus-S_158,F,0.9495,LF,0.0455,
2239,2019Ad_plus-S_159,LF,0.9963,,0,
2240,2019Ad_plus-S_160,F,0.9863,LF,0.0137,
2241,2019Ad_plus-S_161,F,0.9326,LF,0.0674,
1396,2019Ad_plus-S_162,F,0.9876,LF,0.0124,
1401,2019Ad_plus-S_163,F,0.999,,0,
1348,2019Ad_plus-S_164,F,0.9997,,0,
1361,2019Ad_plus-S_165,F,0.9793,LF,0.0207,
1367,2019Ad_plus-S_166,F,0.9974,,0,
1380,2019Ad_plus-S_167,F,0.9995,,0,
1424,2019Ad_plus-S_168,LF,0.8977,F,0.1023,
1398,2019Ad_plus-S_169,F,0.9959,,0,
1403,2019Ad_plus-S_170,F,0.9999,,0,
1410,2019Ad_plus-S_171,F,0.8602,LF,0.1398,
1426,2019Ad_plus-S_172,LF,0.936,F,0.064,
1362,2019Ad_plus-S_173,F,0.9999,,0,
1368,2019Ad_plus-S_174,F,0.9986,,0,
1381,2019Ad_plus-S_175,F,0.9992,,0,
1390,2019Ad_plus-S_176,F,1,,0,
1430,2019Ad_plus-S_177,LF,0.7832,F,0.2168,
1404,2019Ad_plus-S_178,F,1,,0,
1411,2019Ad_plus-S_179,F,0.8652,LF,0.1344,
1349,2019Ad_plus-S_180,F,0.6312,LF,0.3688,
1425,2019Ad_plus-S_181,LF,0.9978,,0,
1369,2019Ad_plus-S_182,F,0.9998,,0,
1433,2019Ad_plus-S_183,S,0.9807,LF,0.0184,Spring run from Deer Creek
1391,2019Ad_plus-S_184,F,1,,0,
1432,2019Ad_plus-S_185,LF,0.9719,F,0.0281,
1405,2019Ad_plus-S_186,F,0.9888,LF,0.0112,
1412,2019Ad_plus-S_187,F,0.5414,S,0.45,Spring run from Deer Creek
1351,2019Ad_plus-S_188,F,1,,0,
1363,2019Ad_plus-S_189,F,0.9995,,0,
1370,2019Ad_plus-S_190,F,1,,0,
1382,2019Ad_plus-S_191,F,0.996,,0,
1392,2019Ad_plus-S_192,F,0.9835,LF,0.0165,
1399,2019Ad_plus-S_193,F,0.9998,,0,
1406,2019Ad_plus-S_194,F,0.8974,LF,0.1026,
1413,2019Ad_plus-S_195,F,0.9846,LF,0.0154,
1352,2019Ad_plus-S_196,F,0.9868,LF,0.0132,
1429,2019Ad_plus-S_197,LF,0.5676,F,0.4324,
1371,2019Ad_plus-S_198,F,0.747,LF,0.252,
2243,2019Ad_plus-S_199,F,0.9763,LF,0.0237,
2244,2019Ad_plus-S_200,F,0.9986,,0,
2245,2019Ad_plus-S_201,F,0.9975,,0,
2246,2019Ad_plus-S_202,F,0.9008,LF,0.0992,
2247,2019Ad_plus-S_203,F,1,,0,
1383,2019Ad_plus-S_204,F,0.9982,,0,
1393,2019Ad_plus-S_205,F,0.9999,,0,
1421,2019Ad_plus-S_206,LF,0.961,F,0.039,
1418,2019Ad_plus-S_207,LF,0.7981,F,0.2019,
1414,2019Ad_plus-S_208,F,1,,0,
1353,2019Ad_plus-S_209,F,0.9807,LF,0.0193,
1364,2019Ad_plus-S_210,F,0.5218,S,0.4782,Spring run from Deer Creek
1372,2019Ad_plus-S_211,F,0.9945,,0,
2248,2019Ad_plus-S_212,F,0.9974,,0,
1384,2019Ad_plus-S_213,F,0.7576,LF,0.2421,
1419,2019Ad_plus-S_214,LF,0.8967,F,0.1033,
1422,2019Ad_plus-S_215,LF,0.7253,F,0.2747,
1407,2019Ad_plus-S_216,F,0.9998,,0,
1415,2019Ad_plus-S_217,F,0.9976,,0,
1354,2019Ad_plus-S_218,F,0.9845,LF,0.0155,
1365,2019Ad_plus-S_219,F,0.9294,LF,0.0705,
1376,2019Ad_plus-S_220,F,0.9953,,0,
1385,2019Ad_plus-S_221,F,0.9996,,0,
1394,2019Ad_plus-S_222,F,0.5259,LF,0.4741,
1423,2019Ad_plus-S_223,LF,0.8812,F,0.1168,
1420,2019Ad_plus-S_224,LF,0.8969,F,0.1031,
1416,2019Ad_plus-S_225,F,0.9996,,0,
1355,2019Ad_plus-S_226,F,0.959,LF,0.0404,
1428,2019Ad_plus-S_227,LF,0.9321,F,0.0679,
1377,2019Ad_plus-S_228,F,0.8915,LF,0.1085,
1386,2019Ad_plus-S_229,F,1,,0,
2249,2019Ad_plus-S_230,F,0.9832,LF,0.0168,
1395,2019Ad_plus-S_231,F,0.9981,,0,
1400,2019Ad_plus-S_232,F,0.9971,,0,
1408,2019Ad_plus-S_233,F,0.9795,LF,0.0205,
1417,2019Ad_plus-S_234,F,0.9989,,0,
1356,2019Ad_plus-S_235,F,0.9999,,0,
1366,2019Ad_plus-S_236,F,0.9985,,0,
2250,2019Ad_plus-S_500,F,0.995,,0,
2251,2019Ad_plus-S_501,F,0.9998,,0,
2252,2019Ad_plus-S_502,F,0.9999,,0,
2253,2019Ad_plus-S_503,F,0.9885,LF,0.0115,
2254,2019Ad_plus-S_504,F,0.9974,,0,
2255,2019Ad_plus-S_505,F,0.9997,,0,
2256,2019Ad_plus-S_506,F,0.9598,LF,0.0402,
2257,2019Ad_plus-S_507,F,0.7491,LF,0.2509,
2258,2019Ad_plus-S_508,F,0.9234,LF,0.0766,
2259,2019Ad_plus-S_509,F,0.9983,,0,
2260,2019Ad_plus-S_510,F,0.9797,LF,0.0203,
2261,2019Ad_plus-S_511,F,0.9776,LF,0.0224,
2262,2019Ad_plus-W_001,W,1,,0,
2263,2019Ad_plus-W_002,W,1,,0,
2264,2019Ad_plus-W_003,W,1,,0,
2265,2019Ad_plus-W_004,W,1,,0,
2266,2019Ad_plus-W_005,F,0.9996,,0,
2267,2019Ad_plus-W_006,W,1,,0,
2268,2019Ad_plus-W_007,W,1,,0,
2269,2019Ad_plus-W_008,W,1,,0,
2270,2019Ad_plus-W_009,W,1,,0,
2271,2019Ad_plus-W_010,F,0.7747,LF,0.2243,
2300,2019Ad_plus-W_011,W,1,,0,
2301,2019Ad_plus-W_012,W,1,,0,
2302,2019Ad_plus-W_013,W,1,,0,
2280,2020_ACHN_001,F,0.6792,F,0.3208,
2281,2020_ACHN_002,F,0.9993,,0,
2282,2020_ACHN_003,F,0.9986,,0,
2283,2020_ACHN_004,F,0.9998,,0,
2284,2020_ACHN_005,F,0.9954,,0,
2285,2020_ACHN_006,F,1,,0,
2318,2020_WAG_001,,0,,0,
2303,2020Ad_plus-F_001,F,0.9998,,0,
2304,2020Ad_plus-F_002,F,0.9993,,0,
2305,2020Ad_plus-F_003,F,1,,0,
2306,2020Ad_plus-F_004,F,1,,0,
2307,2020Ad_plus-F_005,F,0.9614,S,0.0386,
2308,2020Ad_plus-F_006,,0,,0,
2309,2020Ad_plus-F_007,,0,,0,
2310,2020Ad_plus-F_008,F,0.9999,,0,
2311,2020Ad_plus-F_009,F,1,,0,
2312,2020Ad_plus-S_001,W,1,,0,
2313,2020Ad_plus-W_001,W,1,,0,
2314,2020Ad_plus-W_002,W,1,,0,
2315,2020Ad_plus-W_003,W,1,,0,
2316,2020Ad_plus-W_004,W,1,,0,
2317,2020Ad_plus-W_005,W,1,,0,
2286,2021_ACHN_001,F,0.9981,,0,
2287,2021_ACHN_002,F,1,,0,
2288,2021_ACHN_003,F,0.9957,,0,
2289,2021_ACHN_004,F,0.9994,,0,
2290,2021_ACHN_005,F,1,,0,
2291,2021_ACHN_006,F,0.9999,,0,
2292,2021_ACHN_007,F,1,,,
2294,2021Ad_plus-F_001,F,0.9787,S,0.0193,
2295,2021Ad_plus-F_002,F,1,,0,
1434,ACHN007,F,0.9992,,0,
1435,ACHN009,F,0.7206,LF,0.2706,
1436,ACHN011,F,0.7747,LF,0.224,
1437,ACHN012,F,1,,0,
1438,ACHN013,F,0.9992,,0,
1439,ACHN014,F,0.9858,,0,
1440,ACHN015,F,0.9999,,0,
1441,ACHN016,F,1,,0,
1442,ACHN022,F,0.9996,,0,
1443,ACHN023,F,0.6987,LF,0.3012,
1444,ACHN024,F,0.9923,,0,
1445,ACHN025,F,0.8552,LF,0.1448,
1446,ACHN026,F,1,,0,
1447,ACHN027,F,0.9922,,0,
1448,ACHN028,F,0.9955,,0,
1449,ACHN029,F,1,,0,
1450,ACHN030,F,1,,0,
1451,ACHN031,F,0.9966,,0,
1452,ACHN032,F,0.9996,,0,
1453,ACHN035,S,0.6039,F,0.3897,
1454,ACHN036,F,0.9996,,0,
1455,ACHN037,F,0.9996,,0,
1456,ACHN038,F,1,,0,
1457,ACHN039,F,1,,0,
1458,ACHN040,F,0.9998,,0,
1459,ACHN041,F,0.9914,,0,
1460,ACHN042,F,0.9961,,0,
1461,ACHN043,F,0.9992,,0,
1462,ACHN044,F,0.9991,,0,
1463,ACHN045,F,0.9979,,0,
1464,ACHN046,F,0.9988,,0,
1465,ACHN047,F,0.9809,,0,
1466,ACHN048,F,0.8018,LF,0.1982,
1467,ACHN049,F,0.6971,LF,0.3029,
1468,ACHN050,F,0.9673,,0,
1469,ACHN051,F,1,,0,
1470,ACHN052,F,0.9106,,0,
1471,ACHN053,F,0.8945,LF,0.1055,
1472,ACHN054,F,0.9628,,0,
1473,ACHN055,F,0.9888,,0,
1474,ACHN056,F,0.7293,S,0.2546,
1475,ACHN057,F,1,,0,
1476,ACHN058,F,1,,0,
1477,ACHN059,F,0.9997,,0,
1478,ACHN060,F,0.9997,,0,
1479,ACHN061,F,0.9999,,0,
1480,ACHN062,F,1,,0,
1481,ACHN063,F,0.8994,LF,0.1006,
1482,ACHN064,F,1,,0,
1483,ACHN065,F,0.9999,,0,
1484,ACHN066,F,0.9997,,0,
1485,ACHN067,F,0.5013,LF,0.4986,
1486,ACHN068,F,1,,0,
1487,ACHN069,F,0.999,,0,
1488,ACHN070,F,0.9988,,0,
