SmeltGenRowID,FishTagID,Active,SPECIES (Assay ID),# Chroms,V-shape,COMMENTS,q (DS),q (LF),q (WK),Genotype Run
771,2021_WAG_003,TRUE,WAG,8,Y,,0,0,1,
770,2021_WAG_002,TRUE,WAG,4,Y,Seems to have a v-shape,0,0,1,
769,2021_WAG_001,TRUE,WAG,8,N,,0,0,1,
768,2020_WAG_001,TRUE,WAG,39,N,,0,0,1,
767,2019_WAG_012,TRUE,WAG,8-10,N,,,,,
766,2019_WAG_011,TRUE,WAG,6,N,,,,,
765,2019_WAG_010,TRUE,WAG,4-5,N,,,,,
764,2019_WAG_009,TRUE,WAG,6,N,,,,,
763,2019_WAG_008,TRUE,WAG,5-8,N,,,,,
761,2019_WAG_007,TRUE,WAG,1,N,,0.001,0.001,0.998,
760,2019_WAG_006,TRUE,WAG,8,N,,0.001,0.001,0.998,
759,2019_WAG_005,TRUE,WAG,10,N,,0.001,0.001,0.998,
758,2019_WAG_004,TRUE,WAG,7,N,,0.001,0.001,0.998,
757,2019_WAG_003,TRUE,WAG,9,Y,,0.001,0.001,0.998,
756,2019_WAG_002,TRUE,WAG,12,Y,,0.001,0.001,0.998,
755,2019_WAG_001,TRUE,WAG,9,N,,0.001,0.001,0.998,
762,2018_WAG_001,TRUE,WAG,,,,0.002,0.002,0.996,
753,2017_WAG_089,TRUE,WAG,5+,N,,0,0,1,
752,2017_WAG_088,TRUE,WAG,3,N,,0,0,1,
751,2017_WAG_087,TRUE,WAG,5+,N,,0,0,1,
750,2017_WAG_086,TRUE,WAG,5+,N,,0,0,1,
749,2017_WAG_085,TRUE,WAG,5,N,,0,0,1,
748,2017_WAG_084,TRUE,WAG,5+,N,,0,0,1,
747,2017_WAG_083,TRUE,WAG,5+,N,,0,0,1,
746,2017_WAG_082,TRUE,WAG,4,N,,0,0,1,
745,2017_WAG_081,TRUE,WAG,5+,N,,0,0,1,
744,2017_WAG_080,TRUE,WAG,5+,N,,0,0,1,
743,2017_WAG_079,TRUE,WAG,5+,N,,0,0,1,
742,2017_WAG_078,TRUE,WAG,5+,N,,0,0,1,
741,2017_WAG_077,TRUE,WAG,5,N,,0,0,1,
740,2017_WAG_076,TRUE,WAG,4,N,,0,0,1,
739,2017_WAG_075,TRUE,WAG,5+,N,,0,0,1,
738,2017_WAG_074,TRUE,WAG,5+,N,,0,0,1,
737,2017_WAG_073,TRUE,WAG,5+,N,,0,0,1,
736,2017_WAG_072,TRUE,WAG,3,N,,0,0,1,
735,2017_WAG_071,TRUE,WAG,4,N,,0,0,1,
734,2017_WAG_070,TRUE,WAG,5+,N,,0,0,1,
733,2017_WAG_069,TRUE,WAG,3,N,,0,0,1,
732,2017_WAG_068,TRUE,WAG,4,N,,0,0,1,
731,2017_WAG_067,TRUE,WAG,3,?,,0,0,1,
730,2017_WAG_066,TRUE,WAG,4,N,,0,0,1,
729,2017_WAG_065,TRUE,WAG,5+,N,,0,0,1,
728,2017_WAG_064,TRUE,WAG,3,N,,0,0,1,
727,2017_WAG_063,TRUE,WAG,5+,N,,0,0,1,
726,2017_WAG_062,TRUE,WAG,5+,N,,0,0,1,
725,2017_WAG_061,TRUE,WAG,4,N,,0,0,1,
724,2017_WAG_060,TRUE,WAG,3,N,,0,0,1,
723,2017_WAG_059,TRUE,WAG,4,N,,0,0,1,
722,2017_WAG_058,TRUE,WAG,5+,N,,0,0,1,
721,2017_WAG_057,TRUE,WAG,3,N,,0,0,1,
720,2017_WAG_056,TRUE,WAG,5+,N,,0,0,1,
719,2017_WAG_055,TRUE,WAG,3,N,,0,0,1,
718,2017_WAG_054,TRUE,WAG,5,N,,0,0,1,
717,2017_WAG_053,TRUE,WAG,5+,N,,0,0,1,
716,2017_WAG_052,TRUE,WAG,4,N,,0,0,1,
715,2017_WAG_051,TRUE,WAG,3,N,,0,0,1,
714,2017_WAG_050,TRUE,WAG,5+,N,,0,0,1,
713,2017_WAG_049,TRUE,WAG,4,N,,0,0,1,
712,2017_WAG_048,TRUE,WAG,3,N,,0,0,1,
711,2017_WAG_047,TRUE,WAG,5+,N,,0,0,1,
710,2017_WAG_046,TRUE,WAG,4,N,,0,0,1,
709,2017_WAG_045,TRUE,WAG,4,N,,0,0,1,
708,2017_WAG_044,TRUE,WAG,4,N,,0,0,1,
707,2017_WAG_043,TRUE,WAG,5,N,,0,0,1,
706,2017_WAG_042,TRUE,WAG,5+,N,,0,0,1,
705,2017_WAG_041,TRUE,WAG,5+,N,,0,0,1,
704,2017_WAG_040,TRUE,WAG,5+,?,,0,0,1,
703,2017_WAG_039,TRUE,WAG,5+,N,,0,0,1,
702,2017_WAG_038,TRUE,WAG,5,N,,0,0,1,
701,2017_WAG_037,TRUE,WAG,5+,N,,0,0,1,
700,2017_WAG_036,TRUE,WAG,4,N,,0,0,1,
699,2017_WAG_035,TRUE,WAG,,N,,0,0,1,
698,2017_WAG_034,TRUE,WAG,5+,N,,0,0,1,
697,2017_WAG_033,TRUE,WAG,5+,N,,0,0,1,
696,2017_WAG_032,TRUE,WAG,5+,N,,0,0,1,
695,2017_WAG_031,TRUE,WAG,4,N,,0,0,1,
694,2017_WAG_030,TRUE,WAG,0,N,,0,0,1,
693,2017_WAG_029,TRUE,WAG,5+,N,,0,0,1,
692,2017_WAG_028,TRUE,WAG,3(4?),N,,0,0,1,
691,2017_WAG_027,TRUE,missing data,4,N,,,,,
690,2017_WAG_026,TRUE,WAG,4,N,,0,0,1,
689,2017_WAG_025,TRUE,WAG,5+,N,Damaged near adipose,0,0,1,
688,2017_WAG_024,TRUE,WAG,5+,N,,0,0,1,
687,2017_WAG_023,TRUE,WAG,2,N,,0,0,1,
686,2017_WAG_022,TRUE,WAG,5+,N,,0,0,1,
685,2017_WAG_021,TRUE,WAG,5+,N,,0,0,1,
684,2017_WAG_020,TRUE,WAG,2,N,,0,0,1,
683,2017_WAG_019,TRUE,WAG,5+,N,,0,0,1,
682,2017_WAG_018,TRUE,WAG,5,N,Found dead,0,0,1,
681,2017_WAG_017,TRUE,WAG,2,N,Found dead,0,0,1,
680,2017_WAG_016,TRUE,WAG,8,N,,0,0,1,
679,2017_WAG_015,TRUE,WAG,8,N,,0,0,1,
678,2017_WAG_014,TRUE,WAG,4,N,,0,0,1,
677,2017_WAG_013,TRUE,WAG,10,N,,0,0,1,
676,2017_WAG_012,TRUE,WAG,3,N,,0,0,1,
675,2017_WAG_011,TRUE,WAG,12,N,,0,0,1,
674,2017_WAG_010,TRUE,WAG,3,N,,0,0,1,
673,2017_WAG_009,TRUE,WAG,2,N,,0,0,1,
672,2017_WAG_008,TRUE,WAG,8,N,,0,0,1,
671,2017_WAG_007,TRUE,WAG,5,N,,0,0,1,
670,2017_WAG_006,TRUE,WAG,3,N,Found dead,0,0,1,
669,2017_WAG_005,TRUE,WAG,,,,0,0,1,
668,2017_WAG_004,TRUE,WAG,7,N,,0,0,1,
667,2017_WAG_003,TRUE,WAG,,,2 swab tests for DNA one5x one 10x,0,0,1,
666,2017_WAG_002,TRUE,WAG,,,,0,0,1,
665,2017_WAG_001,TRUE,WAG,,,,0,0,1,
754,2017_DSM_001,TRUE,DSM,1,Y,,0.983,0,0.017,
6,2016_WAG_033,TRUE,WAG,3,N,,0.017,0.006,0.977,160830_Smelt_192.24_B
378,2016_WAG_032,TRUE,WAG,2,?,,0.008,0.004,0.988,160830_Smelt_192.24_B
377,2016_WAG_031,TRUE,WAG,5+,N,,0.0055,0.003,0.9915,160830_Smelt_192.24_B
14,2016_WAG_030,TRUE,WAG,5+,N,no EtOH in tube,0.0065,0.004,0.9895,160830_Smelt_192.24_B
375,2016_WAG_029,TRUE,hybrid (LFS/WAG),3,N,,0.0138,0.1969,0.7893,160830_Smelt_192.24_B
374,2016_WAG_028,TRUE,hybrid (DSM/WAG),3,N,,0.3461,0.005,0.6489,160830_Smelt_192.24_B
372,2016_WAG_027,TRUE,WAG,4+,?,,0.0174,0.0059,0.9767,160830_Smelt_192.24_B
371,2016_WAG_026,TRUE,WAG,5,?,,0.0064,0.004,0.9896,160830_Smelt_192.24_B
370,2016_WAG_025,TRUE,WAG,5,N,,0.0107,0.005,0.9843,160712_hybrid_SNP_P1
17,2016_WAG_024,TRUE,WAG,5+,N,,0.0076,0.004,0.9884,160712_hybrid_SNP_P1
369,2016_WAG_023,TRUE,WAG,4,N,,0.0082,0.0041,0.9877,160830_Smelt_192.24_B
3,2016_WAG_022,TRUE,WAG,3,N,,0.0095,0.0042,0.9863,160830_Smelt_192.24_B
368,2016_WAG_021,TRUE,WAG,5+,N,,0.0103,0.005,0.9847,160712_hybrid_SNP_P1
367,2016_WAG_020,TRUE,WAG,10,N,,0.0106,0.005,0.9844,160712_hybrid_SNP_P1
366,2016_WAG_019,TRUE,WAG,4,N,,0.0045,0.003,0.9925,160712_hybrid_SNP_P1
365,2016_WAG_018,TRUE,WAG,16,N,,0.0235,0.007,0.9695,160830_Smelt_192.24_B
364,2016_WAG_017,TRUE,WAG,3,N,,0.0106,0.005,0.9844,160830_Smelt_192.24_B
363,2016_WAG_016,TRUE,WAG,11,N,,0.0041,0.003,0.9929,160712_hybrid_SNP_P1
362,2016_WAG_015,TRUE,WAG,8,N,,0.014,0.006,0.98,160712_hybrid_SNP_P1
361,2016_WAG_014,TRUE,WAG,5,N,,0.004,0.003,0.993,160830_Smelt_192.24_B
360,2016_WAG_013,TRUE,WAG,9,N,,0.004,0.003,0.993,160712_hybrid_SNP_P1
359,2016_WAG_012,TRUE,WAG,6,N,no EtOH in tube,0.0051,0.003,0.9919,160830_Smelt_192.24_B
358,2016_WAG_011,TRUE,WAG,3,N,no EtOH in tube,0.006,0.003,0.991,160830_Smelt_192.24_B
357,2016_WAG_010,TRUE,WAG,6,N,,0.005,0.003,0.992,160712_hybrid_SNP_P1
356,2016_WAG_009,TRUE,WAG,6,N,,0.0044,0.003,0.9926,160712_hybrid_SNP_P1
355,2016_WAG_008,TRUE,WAG,5,N,,0.006,0.0034,0.9906,160712_hybrid_SNP_P1
354,2016_WAG_007,TRUE,WAG,6,N,,0.0055,0.0031,0.9914,160712_hybrid_SNP_P1
351,2016_WAG_006,TRUE,WAG,5+,N,,0.004,0.003,0.993,160712_hybrid_SNP_P1
350,2016_WAG_005,TRUE,WAG,3,N,,0.006,0.003,0.991,160830_Smelt_192.24_B
349,2016_WAG_004,TRUE,WAG,4,N,,0.0105,0.005,0.9845,160712_hybrid_SNP_P1
346,2016_WAG_003,TRUE,WAG,4+,N,,0.0088,0.006,0.9852,160712_hybrid_SNP_P1
345,2016_WAG_002,TRUE,WAG,5+,N,,0.0513,0.0118,0.9369,160830_Smelt_192.24_B
343,2016_WAG_001,TRUE,WAG,5,N,,0.007,0.004,0.989,160712_hybrid_SNP_P1
382,2016_DSM_030,TRUE,DSM,0,Y,,0.991,0.003,0.006,160712_hybrid_SNP_P1
381,2016_DSM_029,TRUE,DSM,0,Y,,0.9775,0.0057,0.0168,160712_hybrid_SNP_P1
380,2016_DSM_028,TRUE,DSM,1,Y,,0.989,0.004,0.007,160830_Smelt_192.24_B
15,2016_DSM_027,TRUE,WAG,1,?,,0.0094,0.0041,0.9865,160830_Smelt_192.24_B
379,2016_DSM_026,TRUE,DSM,0,?,,0.9843,0.0048,0.0109,160830_Smelt_192.24_B
376,2016_DSM_025,TRUE,,0,Y,,,,,
4,2016_DSM_024,TRUE,WAG,0,?,,0.008,0.004,0.988,160830_Smelt_192.24_B
373,2016_DSM_023,TRUE,DSM,0,Y,,0.991,0.003,0.006,160712_hybrid_SNP_P1
353,2016_DSM_022,TRUE,WAG,1,Y,,0.005,0.003,0.992,160830_Smelt_192.24_B
352,2016_DSM_021,TRUE,WAG,2,?,,0.006,0.003,0.991,160830_Smelt_192.24_B
32,2016_DSM_020,TRUE,WAG,2,Y,,0.0051,0.003,0.9919,160830_Smelt_192.24_B
348,2016_DSM_019,TRUE,WAG,1,Y,,0.0143,0.006,0.9797,160830_Smelt_192.24_B
347,2016_DSM_018,TRUE,WAG,1,Y,,0.0067,0.004,0.9893,160830_Smelt_192.24_B
30,2016_DSM_017,TRUE,WAG,1,Y,,0.0051,0.003,0.9919,160830_Smelt_192.24_B
29,2016_DSM_016,TRUE,WAG,1,Y,,0.003,0.002,0.995,160830_Smelt_192.24_B
28,2016_DSM_015,TRUE,WAG,0,Y,,0.0104,0.005,0.9846,160712_hybrid_SNP_P1
27,2016_DSM_014,TRUE,WAG,1,Y,,0.0094,0.005,0.9856,160830_Smelt_192.24_B
26,2016_DSM_013,TRUE,WAG,1,Y,,0.014,0.0056,0.9804,160830_Smelt_192.24_B
344,2016_DSM_012,TRUE,WAG,1,Y,,0.005,0.003,0.992,160830_Smelt_192.24_B
342,2016_DSM_008,TRUE,DSM,1,Y,,0.992,0.003,0.005,160830_Smelt_192.24_B
341,2016_DSM_007,TRUE,DSM,1,Y,,0.9808,0.0049,0.0143,160830_Smelt_192.24_B
340,2016_DSM_006,TRUE,DSM,0,Y,,0.991,0.003,0.006,160830_Smelt_192.24_B
339,2016_DSM_005,TRUE,DSM,1,Y,,0.989,0.004,0.007,160830_Smelt_192.24_B
13,2016_DSM_001,TRUE,DSM,0,Y,,0.99,0.004,0.006,160712_hybrid_SNP_P1
338,2015-052S,TRUE,DSM,1,,,0.9868,0.004,0.0092,160826_Smelt_192.24_A
337,2015-051S,TRUE,DSM,1,,,0.992,0.004,0.004,160826_Smelt_192.24_A
336,2015-050S,TRUE,DSM,,,,0.9118,0.009,0.0792,160826_Smelt_192.24_A
333,2015-049S,TRUE,DSM,0,,,0.9861,0.0049,0.009,160826_Smelt_192.24_A
332,2015-048S,TRUE,DSM,1,,,0.9947,0.0023,0.003,160826_Smelt_192.24_A
327,2015-047S,TRUE,DSM,1,,,0.9881,0.005,0.0069,160826_Smelt_192.24_A
326,2015-046S,TRUE,DSM,0,,,0.9826,0.0061,0.0113,160826_Smelt_192.24_A
325,2015-045S,TRUE,DSM,0,,,0.991,0.004,0.005,160712_hybrid_SNP_P1
323,2015-044S,TRUE,DSM,0,,,0.9929,0.0031,0.004,160712_hybrid_SNP_P1
322,2015-043S,TRUE,DSM,0,Y,,0.99,0.004,0.006,160712_hybrid_SNP_P1
321,2015-042S,TRUE,DSM,0,Y,,0.9884,0.004,0.0076,160826_Smelt_192.24_A
320,2015-041S,TRUE,DSM,2,Y,,0.5838,0.002,0.4142,160826_Smelt_192.24_A
319,2015-040S,TRUE,hybrid (DSM/WAG),2,N,,0.7011,0.004,0.2949,160826_Smelt_192.24_A
317,2015-039S,TRUE,hybrid (DSM/WAG),1,,,0.981,0.005,0.014,160826_Smelt_192.24_A
313,2015-038S,TRUE,DSM,1,,,0.9893,0.0037,0.007,160826_Smelt_192.24_A
312,2015-037S,TRUE,hybrid (DSM/WAG),1,,,0.6988,0.005,0.2962,160826_Smelt_192.24_A
311,2015-036S,TRUE,DSM,1,,,0.9859,0.005,0.0091,160826_Smelt_192.24_A
309,2015-035S,TRUE,DSM,0,,,0.989,0.004,0.007,160826_Smelt_192.24_A
308,2015-034S,TRUE,DSM,0,,,0.9891,0.004,0.0069,160712_hybrid_SNP_P1
307,2015-033S,TRUE,DSM,0,,,0.9114,0.009,0.0796,160712_hybrid_SNP_P1
306,2015-032S,TRUE,DSM,0,,,0.9798,0.006,0.0142,160712_hybrid_SNP_P1
305,2015-031S,TRUE,DSM,0,,,0.9623,0.007,0.0307,160712_hybrid_SNP_P1
304,2015-030S,TRUE,DSM,0,,,0.982,0.007,0.011,160712_hybrid_SNP_P1
303,2015-029S,TRUE,DSM,0,,,0.9921,0.003,0.0049,160712_hybrid_SNP_P1
302,2015-028S,TRUE,DSM,0,,,0.9906,0.003,0.0064,160712_hybrid_SNP_P1
301,2015-027S,TRUE,DSM,0,,,0.988,0.005,0.007,160712_hybrid_SNP_P1
300,2015-026S,TRUE,DSM,,,degrade state,0.9897,0.0034,0.0069,160826_Smelt_192.24_A
299,2015-025S,TRUE,DSM,0,,,0.9861,0.0049,0.009,160826_Smelt_192.24_A
298,2015-024S,TRUE,DSM,,,no jaw,0.9571,0.0067,0.0362,160826_Smelt_192.24_A
297,2015-023S,TRUE,DSM,0,,,0.9694,0.006,0.0246,160826_Smelt_192.24_A
296,2015-022S,TRUE,DSM,0,,,0.9818,0.005,0.0132,160826_Smelt_192.24_A
295,2015-021S,TRUE,DSM,1,,,0.988,0.004,0.008,160826_Smelt_192.24_A
294,2015-020S,TRUE,DSM,0,,,0.991,0.003,0.006,160826_Smelt_192.24_A
293,2015-019S,TRUE,DSM,0,,,0.9891,0.004,0.0069,160826_Smelt_192.24_A
335,2015-018W,TRUE,DSM,3,,,0.991,0.003,0.006,160830_Smelt_192.24_B
292,2015-018S,TRUE,DSM,0,,,0.992,0.003,0.005,160826_Smelt_192.24_A
334,2015-017W,TRUE,WAG,3,,,0.0086,0.0041,0.9873,160830_Smelt_192.24_B
291,2015-017S,TRUE,DSM,0,,,0.994,0.002,0.004,160826_Smelt_192.24_A
331,2015-016W,TRUE,WAG,~3,,,0.0062,0.0038,0.99,160830_Smelt_192.24_B
290,2015-016S,TRUE,DSM,1,,,0.9888,0.005,0.0062,160826_Smelt_192.24_A
330,2015-015W,TRUE,WAG,~3,,,0.007,0.004,0.989,160830_Smelt_192.24_B
288,2015-015S,TRUE,WAG,1,,,0.0052,0.0032,0.9916,160826_Smelt_192.24_A
329,2015-014W,TRUE,DSM,~5,,,0.9811,0.0049,0.014,160830_Smelt_192.24_B
287,2015-014S,TRUE,WAG,0,,,0.007,0.004,0.989,160826_Smelt_192.24_A
328,2015-013W,TRUE,WAG,>5,,,0.006,0.003,0.991,160830_Smelt_192.24_B
286,2015-013S,TRUE,WAG,0,,,0.0053,0.0032,0.9915,160826_Smelt_192.24_A
324,2015-012W,TRUE,WAG,2-3,,,0.0077,0.004,0.9883,160830_Smelt_192.24_B
285,2015-012S,TRUE,hybrid (DSM/WAG),0,,the weight might be entered incorrectly,0.6993,0.005,0.2957,160826_Smelt_192.24_A
318,2015-011W,TRUE,DSM,lots,,,0.9881,0.0038,0.0081,160830_Smelt_192.24_B
284,2015-011S,TRUE,WAG,0,,,0.0067,0.004,0.9893,160826_Smelt_192.24_A
316,2015-010W,TRUE,WAG,3,,,0.0051,0.003,0.9919,160830_Smelt_192.24_B
282,2015-010S,TRUE,DSM,,,female spent,0.99,0.004,0.006,160826_Smelt_192.24_A
315,2015-009W,TRUE,WAG,8,,,0.005,0.003,0.992,160830_Smelt_192.24_B
281,2015-009S,TRUE,DSM,,,male,0.9844,0.005,0.0106,160826_Smelt_192.24_A
314,2015-008W,TRUE,WAG,2,,,0.005,0.003,0.992,160830_Smelt_192.24_B
280,2015-008S,TRUE,DSM,0,,male,0.99,0.004,0.006,160826_Smelt_192.24_A
310,2015-007W,TRUE,WAG,3-4,,,0.0098,0.0041,0.9861,160830_Smelt_192.24_B
279,2015-007S,TRUE,DSM,1,,female,0.9865,0.004,0.0095,160826_Smelt_192.24_A
11,2015-006W,TRUE,WAG,,,,0.0041,0.003,0.9929,160830_Smelt_192.24_B
278,2015-006S,TRUE,DSM,1,,female,0.9901,0.003,0.0069,160826_Smelt_192.24_A
10,2015-005W,TRUE,WAG,,,,0.007,0.004,0.989,160830_Smelt_192.24_B
277,2015-005S,TRUE,DSM,0,,female,0.992,0.003,0.005,160826_Smelt_192.24_A
289,2015-004W,TRUE,WAG,,,,0.0034,0.002,0.9946,160830_Smelt_192.24_B
276,2015-004S,TRUE,DSM,0,,female,0.989,0.004,0.007,160826_Smelt_192.24_A
283,2015-003W,TRUE,WAG,5,,,0.007,0.004,0.989,160830_Smelt_192.24_B
275,2015-003S,TRUE,DSM,,,,0.9919,0.0031,0.005,160826_Smelt_192.24_A
9,2015-002W,TRUE,WAG,,,,0.005,0.003,0.992,160830_Smelt_192.24_B
274,2015-002S,TRUE,DSM,0,,male,0.989,0.004,0.007,160826_Smelt_192.24_A
8,2015-001W,TRUE,WAG,,,,0.0171,0.006,0.9769,160830_Smelt_192.24_B
273,2015-001S,TRUE,DSM,1,,male,0.9854,0.004,0.0106,160826_Smelt_192.24_A
272,2014-045S,TRUE,DSM,,,,0.9818,0.005,0.0132,160826_Smelt_192.24_A
271,2014-044S,TRUE,DSM,,,,0.9949,0.002,0.0031,160826_Smelt_192.24_A
270,2014-043S,TRUE,DSM,,,,0.9695,0.006,0.0245,160826_Smelt_192.24_A
269,2014-042S,TRUE,DSM,,,,0.993,0.003,0.004,160826_Smelt_192.24_A
268,2014-041S,TRUE,WAG,,,,0.004,0.003,0.993,160826_Smelt_192.24_A
267,2014-040S,TRUE,WAG,,,,0.0097,0.005,0.9853,160826_Smelt_192.24_A
266,2014-039S,TRUE,DSM,,,,0.993,0.003,0.004,160826_Smelt_192.24_A
265,2014-038S,TRUE,WAG,,,,0.0069,0.004,0.9891,160826_Smelt_192.24_A
264,2014-037S,TRUE,hybrid (DSM/WAG),,,,0.6322,0.005,0.3628,160826_Smelt_192.24_A
263,2014-036S,TRUE,WAG,,,,0.0117,0.005,0.9833,160826_Smelt_192.24_A
262,2014-035S,TRUE,WAG,,,,0.005,0.003,0.992,160826_Smelt_192.24_A
261,2014-034S,TRUE,WAG,,,,0.0076,0.004,0.9884,160826_Smelt_192.24_A
259,2014-033S,TRUE,WAG,,,,0.0273,0.008,0.9647,160826_Smelt_192.24_A
258,2014-032S,TRUE,WAG,,,,0.0067,0.0033,0.99,160826_Smelt_192.24_A
257,2014-031S,TRUE,WAG,,,,0.0054,0.003,0.9916,160826_Smelt_192.24_A
256,2014-030S,TRUE,WAG,,,,0.01,0.005,0.985,160826_Smelt_192.24_A
255,2014-029S,TRUE,LFS,,,,0.004,0.991,0.005,160826_Smelt_192.24_A
254,2014-028S,TRUE,WAG,,,,0.0282,0.0081,0.9637,160826_Smelt_192.24_A
253,2014-027S,TRUE,DSM,0,,dead,0.987,0.004,0.009,160826_Smelt_192.24_A
252,2014-026S,TRUE,DSM,0,,,0.993,0.003,0.004,160826_Smelt_192.24_A
251,2014-025S,TRUE,DSM,0,,,0.993,0.003,0.004,160826_Smelt_192.24_A
250,2014-024S,TRUE,DSM,0,,,0.9777,0.0055,0.0168,160826_Smelt_192.24_A
249,2014-023S,TRUE,DSM,0,,,0.9686,0.007,0.0244,160826_Smelt_192.24_A
248,2014-022S,TRUE,DSM,0,,,0.9677,0.0081,0.0242,160826_Smelt_192.24_A
247,2014-021S,TRUE,DSM,0,,,0.9861,0.004,0.0099,160826_Smelt_192.24_A
246,2014-020S,TRUE,DSM,,,,0.988,0.004,0.008,160826_Smelt_192.24_A
245,2014-019S,TRUE,DSM,,,,0.9697,0.006,0.0243,160826_Smelt_192.24_A
244,2014-018S,TRUE,DSM,1,,,0.9801,0.006,0.0139,160826_Smelt_192.24_A
243,2014-017S,TRUE,DSM,0,,,0.9663,0.0097,0.024,160826_Smelt_192.24_A
242,2014-016S,TRUE,DSM,0,,,0.987,0.004,0.009,160826_Smelt_192.24_A
241,2014-015S,TRUE,DSM,0,,,0.9923,0.003,0.0047,160826_Smelt_192.24_A
240,2014-014S,TRUE,LFS,0,,,0.02,0.9359,0.0441,160826_Smelt_192.24_A
239,2014-013S,TRUE,DSM,0,,,0.9899,0.004,0.0061,160826_Smelt_192.24_A
238,2014-012S,TRUE,DSM,0,,,0.9809,0.005,0.0141,160826_Smelt_192.24_A
237,2014-011S,TRUE,DSM,0,,,0.986,0.005,0.009,160826_Smelt_192.24_A
236,2014-010S,TRUE,DSM,,,lots of pigmentation on dorsal,0.992,0.003,0.005,160826_Smelt_192.24_A
235,2014-009S,TRUE,WAG,,,very large well developed eyes and mouth,0.007,0.0055,0.9875,160826_Smelt_192.24_A
234,2014-008S,TRUE,DSM,,,,0.989,0.004,0.007,160826_Smelt_192.24_A
233,2014-007S,TRUE,DSM,,,lots of pigmentation on the dorsal,0.9849,0.004,0.0111,160830_Smelt_192.24_B
232,2014-006S,TRUE,DSM,,,,0.992,0.003,0.005,160830_Smelt_192.24_B
231,2014-005S,TRUE,DSM,,,,0.9686,0.006,0.0254,160830_Smelt_192.24_B
230,2014-004S,TRUE,DSM,,,,0.9899,0.003,0.0071,160830_Smelt_192.24_B
229,2014-003S,TRUE,DSM,,,,0.9869,0.004,0.0091,160830_Smelt_192.24_B
228,2014-002S,TRUE,DSM,,,,0.9893,0.0037,0.007,160830_Smelt_192.24_B
383,2014-001W,TRUE,WAG,lots,,isthmus contains lots of chromatophores,0.0281,0.0074,0.9645,160830_Smelt_192.24_B
227,2014-001S,TRUE,DSM,,,,0.9919,0.0031,0.005,160830_Smelt_192.24_B
260,2014-001L,TRUE,LFS,,,,0.0036,0.9914,0.005,160712_hybrid_SNP_P1
225,2013-104S,TRUE,WAG,,,,0.016,0.0056,0.9784,160830_Smelt_192.24_B
224,2013-103S,TRUE,DSM,,,,0.9772,0.0059,0.0169,160830_Smelt_192.24_B
223,2013-102S,TRUE,DSM,,,,0.991,0.003,0.006,160830_Smelt_192.24_B
222,2013-101S,TRUE,DSM,,,,0.9861,0.005,0.0089,160830_Smelt_192.24_B
221,2013-100S,TRUE,DSM,,,,0.989,0.004,0.007,160830_Smelt_192.24_B
220,2013-099S,TRUE,DSM,,,,0.99,0.003,0.007,160830_Smelt_192.24_B
219,2013-098S,TRUE,DSM,,,,0.9763,0.0051,0.0186,160830_Smelt_192.24_B
218,2013-097S,TRUE,DSM,,,,0.9847,0.0052,0.0101,160830_Smelt_192.24_B
217,2013-096S,TRUE,WAG,,,,0.006,0.003,0.991,160830_Smelt_192.24_B
216,2013-095S,TRUE,WAG,,,,0.009,0.004,0.987,160830_Smelt_192.24_B
215,2013-094S,TRUE,WAG,,,,0.0062,0.003,0.9908,160830_Smelt_192.24_B
214,2013-093S,TRUE,WAG,,,,0.0107,0.005,0.9843,160830_Smelt_192.24_B
213,2013-092S,TRUE,DSM,,,,0.9895,0.004,0.0065,160830_Smelt_192.24_B
212,2013-091S,TRUE,DSM,,,,0.9848,0.005,0.0102,160830_Smelt_192.24_B
209,2013-090S,TRUE,DSM,,,,0.9862,0.005,0.0088,160830_Smelt_192.24_B
208,2013-089S,TRUE,DSM,,,,0.9684,0.0059,0.0257,160830_Smelt_192.24_B
205,2013-088S,TRUE,DSM,,,,0.9932,0.0028,0.004,160830_Smelt_192.24_B
200,2013-087S,TRUE,LFS,,,,0.0059,0.9876,0.0065,160830_Smelt_192.24_B
199,2013-086S,TRUE,DSM,,,,0.993,0.003,0.004,160830_Smelt_192.24_B
198,2013-085S,TRUE,DSM,,,,0.9866,0.004,0.0094,160830_Smelt_192.24_B
194,2013-084S,TRUE,LFS,,,,0.0105,0.9781,0.0114,160830_Smelt_192.24_B
192,2013-083S,TRUE,LFS,,,,0.006,0.988,0.006,160830_Smelt_192.24_B
191,2013-082S,TRUE,LFS,,,tail damaged,0.003,0.994,0.003,160830_Smelt_192.24_B
190,2013-081S,TRUE,WAG,,,,0.003,0.002,0.995,160830_Smelt_192.24_B
189,2013-080S,TRUE,LFS,,,,0.003,0.993,0.004,160830_Smelt_192.24_B
188,2013-079S,TRUE,WAG,,,,0.0034,0.0021,0.9945,160830_Smelt_192.24_B
187,2013-078S,TRUE,LFS,,,,0.0788,0.9162,0.005,160830_Smelt_192.24_B
186,2013-077S,TRUE,DSM,,,,0.921,0.074,0.005,160830_Smelt_192.24_B
185,2013-076S,TRUE,LFS,,,,0.0033,0.9931,0.0036,160830_Smelt_192.24_B
184,2013-075S,TRUE,LFS,,,,0.003,0.993,0.004,160830_Smelt_192.24_B
183,2013-074S,TRUE,WAG,,,,0.0051,0.003,0.9919,160830_Smelt_192.24_B
182,2013-073S,TRUE,WAG,,,tail fork missing,0.0052,0.003,0.9918,160830_Smelt_192.24_B
181,2013-072S,TRUE,hybrid (DSM/WAG),,,,0.8322,0.003,0.1648,160830_Smelt_192.24_B
180,2013-071S,TRUE,WAG,,,,0.0063,0.0038,0.9899,160830_Smelt_192.24_B
179,2013-070S,TRUE,WAG,,,,0.007,0.0044,0.9886,160830_Smelt_192.24_B
178,2013-069S,TRUE,LFS,,,,0.003,0.994,0.003,160830_Smelt_192.24_B
177,2013-068S,TRUE,LFS,,,,0.003,0.994,0.003,160830_Smelt_192.24_B
176,2013-067S,TRUE,WAG,,,,0.005,0.004,0.991,160830_Smelt_192.24_B
174,2013-066S,TRUE,LFS,,,,0.004,0.992,0.004,160830_Smelt_192.24_B
173,2013-065S,TRUE,WAG,,,,0.0103,0.005,0.9847,160830_Smelt_192.24_B
172,2013-064S,TRUE,LFS,,,,0.004,0.9917,0.0043,160830_Smelt_192.24_B
171,2013-063S,TRUE,LFS,,,,0.004,0.9918,0.0042,160830_Smelt_192.24_B
170,2013-062S,TRUE,LFS,,,,0.003,0.994,0.003,160830_Smelt_192.24_B
169,2013-061S,TRUE,LFS,,,,0.0053,0.9879,0.0068,160830_Smelt_192.24_B
168,2013-060S,TRUE,WAG,,,,0.0055,0.004,0.9905,160830_Smelt_192.24_B
167,2013-059S,TRUE,LFS,,,,0.0034,0.9926,0.004,160830_Smelt_192.24_B
166,2013-058S,TRUE,LFS,,,tail cut off,0.0075,0.9845,0.008,160830_Smelt_192.24_B
165,2013-057S,TRUE,LFS,,,,0.0042,0.9908,0.005,160830_Smelt_192.24_B
164,2013-056S,TRUE,WAG,,,,0.004,0.003,0.993,160830_Smelt_192.24_B
163,2013-055S,TRUE,LFS,,,,0.004,0.9919,0.0041,160830_Smelt_192.24_B
162,2013-054S,TRUE,LFS,,,,0.007,0.986,0.007,160830_Smelt_192.24_B
161,2013-053S,TRUE,LFS,,,,0.004,0.992,0.004,160830_Smelt_192.24_B
160,2013-052S,TRUE,WAG,,,,0.0077,0.004,0.9883,160830_Smelt_192.24_B
159,2013-051S,TRUE,LFS,,,,0.0192,0.9576,0.0232,160830_Smelt_192.24_B
158,2013-050S,TRUE,DSM,,,,0.9809,0.0049,0.0142,160830_Smelt_192.24_B
157,2013-049S,TRUE,LFS,,,,0.002,0.996,0.002,160830_Smelt_192.24_B
156,2013-048S,TRUE,LFS,,,,0.008,0.9838,0.0082,160830_Smelt_192.24_B
155,2013-047S,TRUE,LFS,,,,0.0041,0.9914,0.0045,160830_Smelt_192.24_B
154,2013-046S,TRUE,LFS,,,,0.003,0.994,0.003,160830_Smelt_192.24_B
153,2013-045S,TRUE,WAG,,,,0.0075,0.004,0.9885,160830_Smelt_192.24_B
152,2013-044S,TRUE,WAG,,,,0.0035,0.002,0.9945,160830_Smelt_192.24_B
151,2013-043S,TRUE,WAG,,,,0.0213,0.006,0.9727,160830_Smelt_192.24_B
150,2013-042S,TRUE,WAG,,,,0.0042,0.003,0.9928,160830_Smelt_192.24_B
149,2013-041S,TRUE,LFS,,,,0.004,0.992,0.004,160830_Smelt_192.24_B
148,2013-040S,TRUE,LFS,,,,0.006,0.9881,0.0059,160830_Smelt_192.24_B
147,2013-039S,TRUE,DSM,,,,0.993,0.003,0.004,160830_Smelt_192.24_B
25,2013-038S,TRUE,DSM,,,,0.9868,0.004,0.0092,160830_Smelt_192.24_B
146,2013-037S,TRUE,DSM,,,,0.984,0.004,0.012,160830_Smelt_192.24_B
145,2013-036S,TRUE,DSM,,,,0.9877,0.004,0.0083,160830_Smelt_192.24_B
144,2013-035S,TRUE,DSM,,,,0.9873,0.004,0.0087,160830_Smelt_192.24_B
143,2013-034S,TRUE,DSM,,,,0.992,0.003,0.005,160830_Smelt_192.24_B
142,2013-033S,TRUE,DSM,,,,0.9932,0.003,0.0038,160830_Smelt_192.24_B
141,2013-032S,TRUE,DSM,,,,0.9612,0.0064,0.0324,160830_Smelt_192.24_B
16,2013-031S,TRUE,DSM,,,,0.9893,0.0037,0.007,160830_Smelt_192.24_B
140,2013-030S,TRUE,DSM,,,,0.987,0.004,0.009,160830_Smelt_192.24_B
139,2013-029S,TRUE,DSM,,,,0.9933,0.0027,0.004,160830_Smelt_192.24_B
138,2013-028S,TRUE,DSM,,,,0.994,0.002,0.004,160830_Smelt_192.24_B
137,2013-027S,TRUE,DSM,,,,0.984,0.004,0.012,160830_Smelt_192.24_B
136,2013-026S,TRUE,DSM,,,,0.9878,0.0039,0.0083,160830_Smelt_192.24_B
135,2013-025S,TRUE,DSM,,,,0.992,0.003,0.005,160830_Smelt_192.24_B
134,2013-024S,TRUE,DSM,,,,0.9866,0.004,0.0094,160830_Smelt_192.24_B
133,2013-023S,TRUE,DSM,,,,0.9893,0.0038,0.0069,160830_Smelt_192.24_B
132,2013-022S,TRUE,DSM,,,,0.99,0.004,0.006,160830_Smelt_192.24_B
131,2013-021S,TRUE,DSM,,,,0.989,0.004,0.007,160830_Smelt_192.24_B
130,2013-020S,TRUE,DSM,,,,0.9809,0.0048,0.0143,160830_Smelt_192.24_B
129,2013-019S,TRUE,DSM,,,,0.99,0.004,0.006,160830_Smelt_192.24_B
128,2013-018S,TRUE,DSM,,,,0.988,0.004,0.008,160830_Smelt_192.24_B
127,2013-017S,TRUE,DSM,,,,0.9836,0.005,0.0114,160830_Smelt_192.24_B
126,2013-016S,TRUE,DSM,,,,0.9809,0.0049,0.0142,160830_Smelt_192.24_B
125,2013-015S,TRUE,DSM,,,,0.9799,0.006,0.0141,160826_Smelt_192.24_A
124,2013-014S,TRUE,DSM,,,,0.9797,0.005,0.0153,160826_Smelt_192.24_A
123,2013-013S,TRUE,DSM,,,,0.964,0.0067,0.0293,160826_Smelt_192.24_A
226,2013-012W,TRUE,WAG,,,,0.004,0.003,0.993,160830_Smelt_192.24_B
122,2013-012S,TRUE,DSM,,,,0.9867,0.004,0.0093,160826_Smelt_192.24_A
210,2013-011W,TRUE,WAG,,,,0.005,0.003,0.992,160830_Smelt_192.24_B
121,2013-011S,TRUE,DSM,,,,0.991,0.003,0.006,160826_Smelt_192.24_A
207,2013-010W,TRUE,WAG,,,small clip,0.0033,0.0021,0.9946,160830_Smelt_192.24_B
120,2013-010S,TRUE,DSM,,,,0.9774,0.006,0.0166,160826_Smelt_192.24_A
206,2013-009W,TRUE,WAG,,,small clip,0.0059,0.003,0.9911,160830_Smelt_192.24_B
119,2013-009S,TRUE,DSM,,,,0.9858,0.005,0.0092,160826_Smelt_192.24_A
203,2013-008W,TRUE,WAG,,,small clip,0.0172,0.006,0.9768,160830_Smelt_192.24_B
116,2013-008S,TRUE,DSM,,,,0.993,0.003,0.004,160826_Smelt_192.24_A
202,2013-007W,TRUE,WAG,,,small clip,0.004,0.003,0.993,160830_Smelt_192.24_B
115,2013-007S,TRUE,DSM,,,,0.9798,0.005,0.0152,160826_Smelt_192.24_A
201,2013-006W,TRUE,WAG,,,small clip,0.0097,0.0043,0.986,160830_Smelt_192.24_B
114,2013-006S,TRUE,DSM,,,,0.989,0.004,0.007,160826_Smelt_192.24_A
197,2013-005W,TRUE,WAG,,,small clip,0.007,0.005,0.988,160830_Smelt_192.24_B
113,2013-005S,TRUE,DSM,,,,0.9817,0.005,0.0133,160826_Smelt_192.24_A
196,2013-004W,TRUE,WAG,,,small clip,0.006,0.003,0.991,160830_Smelt_192.24_B
112,2013-004S,TRUE,DSM,,,,0.991,0.003,0.006,160826_Smelt_192.24_A
211,2013-004L,TRUE,LFS,,,,0.0068,0.9873,0.0059,160712_hybrid_SNP_P1
195,2013-003W,TRUE,WAG,,,small clip,0.0052,0.003,0.9918,160830_Smelt_192.24_B
111,2013-003S,TRUE,DSM,,,,0.987,0.004,0.009,160826_Smelt_192.24_A
204,2013-003L,TRUE,LFS,,,,0.005,0.989,0.006,160712_hybrid_SNP_P1
118,2013-002W,TRUE,WAG,,,,0.0175,0.006,0.9765,160830_Smelt_192.24_B
24,2013-002S,TRUE,DSM,,,,0.992,0.003,0.005,160826_Smelt_192.24_A
193,2013-002L,TRUE,LFS,,,,0.002,0.996,0.002,160712_hybrid_SNP_P1
117,2013-001W,TRUE,WAG,,,,0.0052,0.003,0.9918,160830_Smelt_192.24_B
110,2013-001S,TRUE,DSM,,,,0.96,0.0089,0.0311,160826_Smelt_192.24_A
175,2013-001L,TRUE,LFS,,,small clip,0.007,0.9851,0.0079,160830_Smelt_192.24_B
2,2012-059S,TRUE,hybrid (DSM/WAG),,,,0.2565,0.0116,0.7319,160826_Smelt_192.24_A
1,2012-058S,TRUE,WAG,,,,0.0169,0.006,0.9771,160826_Smelt_192.24_A
109,2012-057S,TRUE,DSM,,,,0.9764,0.0066,0.017,160826_Smelt_192.24_A
106,2012-056S,TRUE,WAG,,,,0.0076,0.004,0.9884,160826_Smelt_192.24_A
108,2012-055S,TRUE,WAG,,,,0.005,0.003,0.992,160826_Smelt_192.24_A
107,2012-054S,TRUE,WAG,,,,0.0057,0.0039,0.9904,160826_Smelt_192.24_A
105,2012-053S,TRUE,WAG,,,,0.0174,0.006,0.9766,160826_Smelt_192.24_A
104,2012-052S,TRUE,WAG,,,,0.008,0.004,0.988,160826_Smelt_192.24_A
103,2012-051S,TRUE,WAG,,,,0.0106,0.005,0.9844,160826_Smelt_192.24_A
102,2012-050S,TRUE,DSM,,,,0.9851,0.005,0.0099,160826_Smelt_192.24_A
101,2012-049S,TRUE,WAG,,,,0.006,0.0032,0.9908,160826_Smelt_192.24_A
100,2012-048S,TRUE,WAG,,,,0.006,0.0034,0.9906,160826_Smelt_192.24_A
99,2012-047S,TRUE,WAG,,,,0.006,0.0033,0.9907,160826_Smelt_192.24_A
98,2012-046S,TRUE,WAG,,,,0.0129,0.005,0.9821,160826_Smelt_192.24_A
97,2012-045S,TRUE,WAG,,,,0.007,0.004,0.989,160826_Smelt_192.24_A
95,2012-044S,TRUE,WAG,,,,0.004,0.003,0.993,160826_Smelt_192.24_A
94,2012-043S,TRUE,DSM,,,,0.9915,0.0033,0.0052,160826_Smelt_192.24_A
93,2012-042S,TRUE,DSM,,,,0.9877,0.004,0.0083,160826_Smelt_192.24_A
92,2012-041S,TRUE,WAG,,,,0.0049,0.003,0.9921,160826_Smelt_192.24_A
90,2012-040S,TRUE,DSM,,,,0.9797,0.006,0.0143,160826_Smelt_192.24_A
88,2012-039S,TRUE,WAG,,,,0.0046,0.003,0.9924,160826_Smelt_192.24_A
87,2012-038S,TRUE,WAG,,,,0.0249,0.0079,0.9672,160826_Smelt_192.24_A
86,2012-037S,TRUE,WAG,,,,0.0043,0.003,0.9927,160826_Smelt_192.24_A
85,2012-036S,TRUE,DSM,,,,0.9867,0.005,0.0083,160826_Smelt_192.24_A
84,2012-035S,TRUE,WAG,,,,0.003,0.002,0.995,160826_Smelt_192.24_A
83,2012-034S,TRUE,WAG,,,,0.0163,0.006,0.9777,160826_Smelt_192.24_A
82,2012-033S,TRUE,WAG,,,,0.0045,0.003,0.9925,160826_Smelt_192.24_A
81,2012-032S,TRUE,WAG,,,,0.004,0.003,0.993,160826_Smelt_192.24_A
80,2012-031S,TRUE,WAG,,,,0.0076,0.004,0.9884,160826_Smelt_192.24_A
79,2012-030S,TRUE,LFS,,,,0.0068,0.9844,0.0088,160826_Smelt_192.24_A
78,2012-029S,TRUE,DSM,,,,0.9535,0.0062,0.0403,160826_Smelt_192.24_A
77,2012-028S,TRUE,DSM,,,,0.993,0.003,0.004,160826_Smelt_192.24_A
76,2012-027S,TRUE,DSM,,,,0.9871,0.004,0.0089,160826_Smelt_192.24_A
75,2012-026S,TRUE,DSM,,,,0.988,0.004,0.008,160826_Smelt_192.24_A
74,2012-025S,TRUE,DSM,,,,0.986,0.005,0.009,160826_Smelt_192.24_A
73,2012-024S,TRUE,DSM,,,,0.993,0.003,0.004,160826_Smelt_192.24_A
72,2012-023S,TRUE,DSM,,,,0.9819,0.005,0.0131,160826_Smelt_192.24_A
71,2012-022S,TRUE,DSM,,,,0.99,0.004,0.006,160826_Smelt_192.24_A
70,2012-021S,TRUE,DSM,,,,0.9894,0.0036,0.007,160826_Smelt_192.24_A
69,2012-020S,TRUE,DSM,,,,0.9946,0.0024,0.003,160826_Smelt_192.24_A
68,2012-019S,TRUE,DSM,,,,0.992,0.003,0.005,160826_Smelt_192.24_A
67,2012-018S,TRUE,DSM,,,,0.9907,0.003,0.0063,160826_Smelt_192.24_A
66,2012-017S,TRUE,DSM,,,,0.9899,0.004,0.0061,160826_Smelt_192.24_A
65,2012-016S,TRUE,DSM,,,,0.9774,0.0056,0.017,160826_Smelt_192.24_A
64,2012-015S,TRUE,DSM,,,,0.994,0.003,0.003,160826_Smelt_192.24_A
63,2012-014S,TRUE,DSM,,,,0.9898,0.0032,0.007,160826_Smelt_192.24_A
62,2012-013S,TRUE,DSM,,,,0.992,0.003,0.005,160826_Smelt_192.24_A
61,2012-012S,TRUE,DSM,,,,0.9815,0.005,0.0135,160826_Smelt_192.24_A
60,2012-011S,TRUE,DSM,,,,0.9868,0.004,0.0092,160826_Smelt_192.24_A
59,2012-010S,TRUE,DSM,,,,0.992,0.003,0.005,160826_Smelt_192.24_A
58,2012-009S,TRUE,DSM,,,,0.991,0.003,0.006,160826_Smelt_192.24_A
57,2012-008S,TRUE,DSM,,,,0.992,0.003,0.005,160826_Smelt_192.24_A
55,2012-007S,TRUE,DSM,,,,0.9752,0.007,0.0178,160826_Smelt_192.24_A
54,2012-006S,TRUE,DSM,,,,0.987,0.004,0.009,160826_Smelt_192.24_A
53,2012-005S,TRUE,DSM,,,,0.9892,0.0038,0.007,160826_Smelt_192.24_A
52,2012-004S,TRUE,DSM,,,,0.9891,0.004,0.0069,160826_Smelt_192.24_A
51,2012-003S,TRUE,DSM,,,,0.9811,0.005,0.0139,160826_Smelt_192.24_A
96,2012-003L,TRUE,LFS,,,,0.003,0.994,0.003,160830_Smelt_192.24_B
5,2012-002W,TRUE,WAG,,,,0.0041,0.003,0.9929,160830_Smelt_192.24_B
50,2012-002S,TRUE,DSM,,,,0.9844,0.0046,0.011,160826_Smelt_192.24_A
91,2012-002L,TRUE,LFS,,,,0.0222,0.9486,0.0292,160830_Smelt_192.24_B
56,2012-001W,TRUE,WAG,,,,0.005,0.003,0.992,160830_Smelt_192.24_B
49,2012-001S,TRUE,DSM,,,,0.9913,0.004,0.0047,160826_Smelt_192.24_A
89,2012-001L,TRUE,LFS,,,,0.005,0.9891,0.0059,160830_Smelt_192.24_B
23,2011-014S,TRUE,DSM,,,,0.989,0.004,0.007,160826_Smelt_192.24_A
21,2011-013S,TRUE,WAG,,,,0.0055,0.003,0.9915,160826_Smelt_192.24_A
7,2011-012S,TRUE,WAG,,,,0.0152,0.0063,0.9785,160826_Smelt_192.24_A
12,2011-011S,TRUE,WAG,,,,0.0147,0.006,0.9793,160826_Smelt_192.24_A
47,2011-010S,TRUE,WAG,,,,0.0078,0.004,0.9882,160826_Smelt_192.24_A
46,2011-009S,TRUE,WAG,,,,0.0108,0.005,0.9842,160826_Smelt_192.24_A
45,2011-008S,TRUE,hybrid (DSM/WAG),,,,0.1475,0.0178,0.8347,160826_Smelt_192.24_A
20,2011-007S,TRUE,WAG,,,,0.0079,0.004,0.9881,160826_Smelt_192.24_A
19,2011-006S,TRUE,WAG,,,,0.0283,0.008,0.9637,160826_Smelt_192.24_A
18,2011-005S,TRUE,WAG,,,,0.0039,0.0029,0.9932,160826_Smelt_192.24_A
44,2011-004S,TRUE,WAG,,,,0.007,0.004,0.989,160826_Smelt_192.24_A
22,2011-003W,TRUE,WAG,,,,0.0078,0.004,0.9882,160830_Smelt_192.24_B
43,2011-003S,TRUE,DSM,,,,0.989,0.004,0.007,160826_Smelt_192.24_A
48,2011-002W,TRUE,WAG,,,,0.0131,0.0079,0.979,160830_Smelt_192.24_B
42,2011-002S,TRUE,DSM,,,,0.9892,0.004,0.0068,160826_Smelt_192.24_A
31,2011-001W,TRUE,WAG,,,,0.0094,0.0043,0.9863,160830_Smelt_192.24_B
41,2011-001S,TRUE,DSM,,,,0.989,0.004,0.007,160826_Smelt_192.24_A
40,2010-008S,TRUE,DSM,,,,0.9813,0.0053,0.0134,160826_Smelt_192.24_A
39,2010-007S,TRUE,hybrid (DSM/WAG),,,,0.4428,0.004,0.5532,160826_Smelt_192.24_A
38,2010-006S,TRUE,DSM,,,,0.9874,0.0046,0.008,160826_Smelt_192.24_A
37,2010-005S,TRUE,WAG,,,,0.0059,0.0033,0.9908,160826_Smelt_192.24_A
36,2010-004S,TRUE,DSM,,,,0.9118,0.009,0.0792,160826_Smelt_192.24_A
35,2010-003S,TRUE,DSM,,,,0.9916,0.0034,0.005,160826_Smelt_192.24_A
34,2010-002S,TRUE,DSM,,,,0.9895,0.0035,0.007,160826_Smelt_192.24_A
33,2010-001S,TRUE,DSM,,,,0.9902,0.0038,0.006,160826_Smelt_192.24_A
